event_type,support_limb,frame_100hz,source
heel_strike,L,1065,kinematic
heel_strike,R,1093,GRF
toe_off,L,1109,kinematic
heel_strike,L,1141,GRF
toe_off,R,1157,GRF
heel_strike,R,1193,GRF
toe_off,L,1209,GRF
heel_strike,L,1246,GRF
toe_off,R,1263,GRF
heel_strike,R,1303,GRF
toe_off,L,1316,GRF
heel_strike,L,1355,GRF
toe_off,R,1371,GRF
heel_strike,R,1413,GRF
toe_off,L,1428,GRF
heel_strike,L,1469,GRF
toe_off,R,1484,GRF
heel_strike,R,1525,GRF
toe_off,L,1539,GRF
heel_strike,L,1579,GRF
toe_off,R,1593,GRF
heel_strike,R,1634,GRF
toe_off,L,1648,GRF
heel_strike,L,1690,GRF
toe_off,R,1704,GRF
heel_strike,R,1746,GRF
toe_off,L,1760,GRF
heel_strike,L,1802,GRF
toe_off,R,1815,GRF
heel_strike,R,1856,GRF
toe_off,L,1869,GRF
heel_strike,L,1911,GRF
toe_off,R,1924,GRF
heel_strike,R,1966,GRF
toe_off,L,1980,GRF
heel_strike,L,2019,GRF
toe_off,R,2033,GRF
heel_strike,R,2076,GRF
toe_off,L,2089,GRF
heel_strike,L,2131,GRF
toe_off,R,2144,GRF
heel_strike,R,2185,GRF
toe_off,L,2199,GRF
heel_strike,L,2242,GRF
toe_off,R,2258,GRF
heel_strike,R,2297,GRF
toe_off,L,2310,GRF
heel_strike,L,2351,GRF
toe_off,R,2365,GRF
heel_strike,R,2406,GRF
toe_off,L,2420,GRF
heel_strike,L,2463,GRF
toe_off,R,2475,GRF
heel_strike,R,2518,GRF
toe_off,L,2532,GRF
heel_strike,L,2575,GRF
toe_off,R,2588,GRF
heel_strike,R,2630,GRF
toe_off,L,2643,GRF
heel_strike,L,2686,GRF
toe_off,R,2699,GRF
heel_strike,R,2741,GRF
toe_off,L,2755,GRF
heel_strike,L,2797,GRF
toe_off,R,2809,GRF
heel_strike,R,2850,GRF
toe_off,L,2863,GRF
heel_strike,L,2906,GRF
toe_off,R,2919,GRF
heel_strike,R,2960,GRF
toe_off,L,2974,GRF
heel_strike,L,3016,GRF
toe_off,R,3030,GRF
heel_strike,R,3071,GRF
toe_off,L,3083,GRF
heel_strike,L,3125,GRF
toe_off,R,3138,GRF
heel_strike,R,3179,GRF
toe_off,L,3192,GRF
heel_strike,L,3232,GRF
toe_off,R,3247,GRF
heel_strike,R,3287,GRF
toe_off,L,3300,GRF
heel_strike,L,3341,GRF
toe_off,R,3355,GRF
heel_strike,R,3394,GRF
toe_off,L,3406,GRF
heel_strike,L,3448,GRF
toe_off,R,3462,GRF
heel_strike,R,3502,GRF
toe_off,L,3514,GRF
heel_strike,L,3554,GRF
toe_off,R,3568,GRF
heel_strike,R,3609,GRF
toe_off,L,3623,GRF
heel_strike,L,3661,GRF
toe_off,R,3676,GRF
heel_strike,R,3714,GRF
toe_off,L,3726,GRF
heel_strike,L,3764,GRF
toe_off,R,3779,GRF
heel_strike,R,3817,GRF
toe_off,L,3829,GRF
heel_strike,L,3869,GRF
toe_off,R,3883,GRF
heel_strike,R,3924,GRF
toe_off,L,3938,GRF
heel_strike,L,3977,GRF
toe_off,R,3991,GRF
heel_strike,R,4031,GRF
toe_off,L,4044,GRF
heel_strike,L,4085,GRF
toe_off,R,4098,GRF
heel_strike,R,4136,GRF
toe_off,L,4150,GRF
heel_strike,L,4187,GRF
toe_off,R,4201,GRF
heel_strike,R,4239,GRF
toe_off,L,4253,GRF
heel_strike,L,4291,GRF
toe_off,R,4306,GRF
heel_strike,R,4343,GRF
toe_off,L,4357,GRF
heel_strike,L,4398,GRF
toe_off,R,4413,GRF
heel_strike,R,4451,GRF
toe_off,L,4464,GRF
heel_strike,L,4504,GRF
toe_off,R,4519,GRF
heel_strike,R,4558,GRF
toe_off,L,4572,kinematic
heel_strike,L,4609,GRF
toe_off,R,4623,GRF
heel_strike,R,4670,GRF
toe_off,L,4683,kinematic
heel_strike,L,4727,GRF
toe_off,R,4739,GRF
heel_strike,R,4786,GRF
toe_off,L,4799,GRF
heel_strike,L,4843,GRF
toe_off,R,4856,GRF
heel_strike,R,4896,GRF
toe_off,L,4910,GRF
heel_strike,L,4952,GRF
toe_off,R,4967,GRF
heel_strike,R,5008,GRF
toe_off,L,5020,GRF
heel_strike,L,5061,GRF
toe_off,R,5076,GRF
heel_strike,R,5115,GRF
toe_off,L,5129,GRF
heel_strike,L,5168,GRF
toe_off,R,5183,GRF
heel_strike,R,5225,GRF
toe_off,L,5238,GRF
heel_strike,L,5285,GRF
toe_off,R,5296,GRF
heel_strike,R,5340,GRF
toe_off,L,5352,GRF
heel_strike,L,5398,GRF
toe_off,R,5412,GRF
heel_strike,R,5454,GRF
toe_off,L,5477,GRF
heel_strike,L,5512,GRF
toe_off,R,5526,GRF
heel_strike,R,5567,GRF
toe_off,L,5580,GRF
heel_strike,L,5622,GRF
toe_off,R,5636,GRF
heel_strike,R,5680,GRF
toe_off,L,5701,GRF
heel_strike,L,5734,GRF
toe_off,R,5748,GRF
heel_strike,R,5787,GRF
toe_off,L,5801,GRF
heel_strike,L,5842,GRF
toe_off,R,5858,GRF
heel_strike,R,5899,GRF
toe_off,L,5911,GRF
heel_strike,L,5953,GRF
toe_off,R,5968,GRF
heel_strike,R,6009,GRF
toe_off,L,6022,GRF
heel_strike,L,6065,GRF
toe_off,R,6078,GRF
heel_strike,R,6120,GRF
toe_off,L,6133,GRF
heel_strike,L,6174,GRF
toe_off,R,6188,GRF
heel_strike,R,6234,GRF
toe_off,L,6247,GRF
heel_strike,L,6290,GRF
toe_off,R,6303,GRF
heel_strike,R,6346,GRF
toe_off,L,6359,GRF
heel_strike,L,6403,GRF
toe_off,R,6417,GRF
heel_strike,R,6460,GRF
toe_off,L,6473,GRF
heel_strike,L,6514,GRF
toe_off,R,6529,GRF
heel_strike,R,6570,GRF
toe_off,L,6584,GRF
heel_strike,L,6625,GRF
toe_off,R,6641,GRF
heel_strike,R,6681,GRF
toe_off,L,6694,GRF
heel_strike,L,6736,GRF
toe_off,R,6750,GRF
heel_strike,R,6792,GRF
toe_off,L,6805,GRF
heel_strike,L,6848,GRF
toe_off,R,6862,GRF
heel_strike,R,6903,GRF
toe_off,L,6916,GRF
heel_strike,L,6960,GRF
toe_off,R,6973,GRF
heel_strike,R,7015,GRF
toe_off,L,7029,GRF
heel_strike,L,7073,GRF
toe_off,R,7086,GRF
heel_strike,R,7129,GRF
toe_off,L,7141,GRF
heel_strike,L,7184,GRF
toe_off,R,7198,GRF
heel_strike,R,7239,GRF
toe_off,L,7253,GRF
heel_strike,L,7294,GRF
toe_off,R,7307,GRF
heel_strike,R,7348,GRF
toe_off,L,7363,GRF
heel_strike,L,7402,GRF
toe_off,R,7417,GRF
heel_strike,R,7457,GRF
toe_off,L,7472,GRF
heel_strike,L,7512,GRF
toe_off,R,7527,GRF
heel_strike,R,7567,GRF
toe_off,L,7581,GRF
heel_strike,L,7623,GRF
toe_off,R,7635,GRF
heel_strike,R,7678,GRF
toe_off,L,7691,GRF
heel_strike,L,7734,GRF
toe_off,R,7747,GRF
heel_strike,R,7791,GRF
toe_off,L,7804,GRF
heel_strike,L,7846,GRF
toe_off,R,7860,GRF
heel_strike,R,7900,GRF
toe_off,L,7914,GRF
heel_strike,L,7956,GRF
toe_off,R,7970,GRF
heel_strike,R,8011,GRF
toe_off,L,8024,GRF
heel_strike,L,8067,GRF
toe_off,R,8081,GRF
heel_strike,R,8122,GRF
toe_off,L,8135,GRF
heel_strike,L,8178,GRF
toe_off,R,8192,GRF
heel_strike,R,8235,GRF
toe_off,L,8248,GRF
heel_strike,L,8290,GRF
toe_off,R,8305,GRF
heel_strike,R,8346,GRF
toe_off,L,8360,GRF
heel_strike,L,8403,GRF
toe_off,R,8417,GRF
heel_strike,R,8459,GRF
toe_off,L,8472,GRF
heel_strike,L,8515,GRF
toe_off,R,8528,GRF
heel_strike,R,8570,GRF
toe_off,L,8583,GRF
heel_strike,L,8627,GRF
toe_off,R,8640,GRF
heel_strike,R,8681,GRF
toe_off,L,8694,GRF
heel_strike,L,8737,GRF
toe_off,R,8751,GRF
heel_strike,R,8793,GRF
toe_off,L,8806,GRF
heel_strike,L,8850,GRF
toe_off,R,8863,GRF
heel_strike,R,8905,GRF
toe_off,L,8918,GRF
heel_strike,L,8960,GRF
toe_off,R,8975,GRF
heel_strike,R,9014,GRF
toe_off,L,9026,GRF
heel_strike,L,9068,GRF
toe_off,R,9081,GRF
heel_strike,R,9122,GRF
toe_off,L,9136,GRF
heel_strike,L,9177,GRF
toe_off,R,9191,GRF
heel_strike,R,9232,GRF
toe_off,L,9246,GRF
heel_strike,L,9289,GRF
toe_off,R,9302,GRF
heel_strike,R,9344,GRF
toe_off,L,9358,GRF
heel_strike,L,9400,GRF
toe_off,R,9414,GRF
heel_strike,R,9458,GRF
toe_off,L,9471,GRF
heel_strike,L,9515,GRF
toe_off,R,9528,GRF
heel_strike,R,9571,GRF
toe_off,L,9584,GRF
heel_strike,L,9627,GRF
toe_off,R,9642,GRF
heel_strike,R,9682,GRF
toe_off,L,9695,GRF
heel_strike,L,9738,GRF
toe_off,R,9752,GRF
heel_strike,R,9795,GRF
toe_off,L,9808,GRF
heel_strike,L,9849,GRF
toe_off,R,9863,GRF
heel_strike,R,9908,GRF
toe_off,L,9921,kinematic
heel_strike,L,9963,GRF
toe_off,R,9978,GRF
heel_strike,R,10018,GRF
toe_off,L,10031,GRF
heel_strike,L,10073,GRF
toe_off,R,10087,GRF
heel_strike,R,10128,GRF
toe_off,L,10140,GRF
heel_strike,L,10182,GRF
toe_off,R,10196,GRF
heel_strike,R,10238,GRF
toe_off,L,10252,GRF
heel_strike,L,10291,GRF
toe_off,R,10306,GRF
heel_strike,R,10345,GRF
toe_off,L,10359,GRF
heel_strike,L,10401,GRF
toe_off,R,10416,GRF
heel_strike,R,10456,GRF
toe_off,L,10470,GRF
heel_strike,L,10512,GRF
toe_off,R,10526,GRF
heel_strike,R,10567,GRF
toe_off,L,10581,GRF
heel_strike,L,10621,GRF
toe_off,R,10637,GRF
heel_strike,R,10677,GRF
toe_off,L,10691,GRF
heel_strike,L,10729,GRF
toe_off,R,10744,GRF
heel_strike,R,10783,GRF
toe_off,L,10797,GRF
heel_strike,L,10840,GRF
toe_off,R,10853,GRF
heel_strike,R,10895,GRF
toe_off,L,10908,GRF
heel_strike,L,10953,GRF
toe_off,R,10966,GRF
heel_strike,R,11010,GRF
toe_off,L,11023,GRF
heel_strike,L,11065,GRF
toe_off,R,11080,GRF
heel_strike,R,11121,GRF
toe_off,L,11135,GRF
heel_strike,L,11178,GRF
toe_off,R,11192,GRF
heel_strike,R,11233,GRF
toe_off,L,11246,GRF
heel_strike,L,11289,GRF
toe_off,R,11303,GRF
heel_strike,R,11345,GRF
toe_off,L,11358,GRF
heel_strike,L,11403,GRF
toe_off,R,11416,GRF
heel_strike,R,11458,GRF
toe_off,L,11471,GRF
heel_strike,L,11512,GRF
toe_off,R,11527,GRF
heel_strike,R,11569,GRF
toe_off,L,11582,GRF
heel_strike,L,11623,GRF
toe_off,R,11638,GRF
heel_strike,R,11679,GRF
toe_off,L,11693,GRF
heel_strike,L,11736,GRF
toe_off,R,11750,GRF
heel_strike,R,11790,GRF
toe_off,L,11804,GRF
heel_strike,L,11846,GRF
toe_off,R,11860,GRF
heel_strike,R,11902,GRF
toe_off,L,11915,GRF
heel_strike,L,11955,GRF
toe_off,R,11970,GRF
heel_strike,R,12012,GRF
toe_off,L,12025,GRF
heel_strike,L,12066,GRF
toe_off,R,12080,GRF
heel_strike,R,12121,GRF
toe_off,L,12135,GRF
heel_strike,L,12175,GRF
toe_off,R,12190,GRF
heel_strike,R,12230,GRF
toe_off,L,12243,GRF
heel_strike,L,12288,GRF
toe_off,R,12301,GRF
heel_strike,R,12343,GRF
toe_off,L,12356,GRF
heel_strike,L,12400,GRF
toe_off,R,12414,GRF
heel_strike,R,12454,GRF
toe_off,L,12468,GRF
heel_strike,L,12511,GRF
toe_off,R,12525,GRF
heel_strike,R,12567,GRF
toe_off,L,12580,GRF
heel_strike,L,12623,GRF
toe_off,R,12637,GRF
heel_strike,R,12679,GRF
toe_off,L,12693,GRF
heel_strike,L,12735,GRF
toe_off,R,12749,GRF
heel_strike,R,12789,GRF
toe_off,L,12802,GRF
heel_strike,L,12843,GRF
toe_off,R,12857,GRF
heel_strike,R,12902,GRF
toe_off,L,12916,GRF
heel_strike,L,12958,GRF
toe_off,R,12972,GRF
heel_strike,R,13013,GRF
toe_off,L,13027,GRF
heel_strike,L,13068,GRF
toe_off,R,13082,GRF
heel_strike,R,13124,GRF
toe_off,L,13138,GRF
heel_strike,L,13180,GRF
toe_off,R,13195,GRF
heel_strike,R,13235,GRF
toe_off,L,13248,GRF
heel_strike,L,13287,GRF
toe_off,R,13303,GRF
heel_strike,R,13342,GRF
toe_off,L,13356,GRF
heel_strike,L,13395,GRF
toe_off,R,13409,GRF
heel_strike,R,13452,GRF
toe_off,L,13465,GRF
heel_strike,L,13509,GRF
toe_off,R,13522,GRF
heel_strike,R,13565,GRF
toe_off,L,13578,GRF
heel_strike,L,13622,GRF
toe_off,R,13635,GRF
heel_strike,R,13679,GRF
toe_off,L,13691,GRF
heel_strike,L,13735,GRF
toe_off,R,13748,GRF
heel_strike,R,13789,GRF
toe_off,L,13804,GRF
heel_strike,L,13846,GRF
toe_off,R,13859,GRF
heel_strike,R,13901,GRF
toe_off,L,13914,GRF
heel_strike,L,13955,GRF
toe_off,R,13969,GRF
heel_strike,R,14010,GRF
toe_off,L,14023,GRF
heel_strike,L,14064,GRF
toe_off,R,14078,GRF
heel_strike,R,14121,GRF
toe_off,L,14134,GRF
heel_strike,L,14177,GRF
toe_off,R,14190,GRF
heel_strike,R,14231,GRF
toe_off,L,14245,GRF
heel_strike,L,14286,GRF
toe_off,R,14300,GRF
heel_strike,R,14343,GRF
toe_off,L,14356,GRF
heel_strike,L,14398,GRF
toe_off,R,14413,GRF
heel_strike,R,14454,GRF
toe_off,L,14467,GRF
heel_strike,L,14508,GRF
toe_off,R,14523,GRF
heel_strike,R,14564,GRF
toe_off,L,14578,GRF
heel_strike,L,14624,GRF
toe_off,R,14635,GRF
heel_strike,R,14678,GRF
toe_off,L,14692,GRF
heel_strike,L,14735,GRF
toe_off,R,14749,GRF
heel_strike,R,14790,GRF
toe_off,L,14804,GRF
heel_strike,L,14846,GRF
toe_off,R,14860,GRF
heel_strike,R,14901,GRF
toe_off,L,14915,GRF
heel_strike,L,14956,GRF
toe_off,R,14970,GRF
heel_strike,R,15011,GRF
toe_off,L,15024,GRF
heel_strike,L,15066,GRF
toe_off,R,15079,GRF
heel_strike,R,15121,GRF
toe_off,L,15133,GRF
heel_strike,L,15176,GRF
toe_off,R,15189,GRF
heel_strike,R,15230,GRF
toe_off,L,15243,GRF
heel_strike,L,15283,GRF
toe_off,R,15298,GRF
heel_strike,R,15339,GRF
toe_off,L,15352,GRF
heel_strike,L,15397,GRF
toe_off,R,15409,GRF
heel_strike,R,15454,GRF
toe_off,L,15466,GRF
heel_strike,L,15512,GRF
toe_off,R,15525,GRF
heel_strike,R,15571,GRF
toe_off,L,15583,GRF
heel_strike,L,15626,GRF
toe_off,R,15640,GRF
heel_strike,R,15682,GRF
toe_off,L,15694,GRF
heel_strike,L,15737,GRF
toe_off,R,15751,GRF
heel_strike,R,15791,GRF
toe_off,L,15804,GRF
heel_strike,L,15848,GRF
toe_off,R,15862,GRF
heel_strike,R,15903,GRF
toe_off,L,15916,GRF
heel_strike,L,15957,GRF
toe_off,R,15972,GRF
heel_strike,R,16012,GRF
toe_off,L,16025,GRF
heel_strike,L,16066,GRF
toe_off,R,16080,GRF
heel_strike,R,16122,GRF
toe_off,L,16135,GRF
heel_strike,L,16178,GRF
toe_off,R,16192,GRF
heel_strike,R,16234,GRF
toe_off,L,16247,GRF
heel_strike,L,16288,GRF
toe_off,R,16303,GRF
heel_strike,R,16347,GRF
toe_off,L,16360,GRF
heel_strike,L,16402,GRF
toe_off,R,16416,GRF
heel_strike,R,16457,GRF
toe_off,L,16470,GRF
heel_strike,L,16512,GRF
toe_off,R,16527,GRF
heel_strike,R,16569,GRF
toe_off,L,16582,GRF
heel_strike,L,16623,GRF
toe_off,R,16637,GRF
heel_strike,R,16679,GRF
toe_off,L,16693,GRF
heel_strike,L,16734,GRF
toe_off,R,16747,GRF
heel_strike,R,16788,GRF
toe_off,L,16802,GRF
heel_strike,L,16844,GRF
toe_off,R,16857,GRF
heel_strike,R,16899,GRF
toe_off,L,16913,GRF
heel_strike,L,16955,GRF
toe_off,R,16968,GRF
heel_strike,R,17011,GRF
toe_off,L,17025,GRF
heel_strike,L,17069,GRF
toe_off,R,17082,GRF
heel_strike,R,17126,GRF
toe_off,L,17139,GRF
heel_strike,L,17180,GRF
toe_off,R,17194,GRF
heel_strike,R,17234,GRF
toe_off,L,17247,GRF
heel_strike,L,17289,GRF
toe_off,R,17302,GRF
heel_strike,R,17343,GRF
toe_off,L,17357,GRF
heel_strike,L,17401,GRF
toe_off,R,17413,GRF
heel_strike,R,17458,GRF
toe_off,L,17471,GRF
heel_strike,L,17517,GRF
toe_off,R,17539,GRF
heel_strike,R,17574,GRF
toe_off,L,17586,GRF
heel_strike,L,17629,GRF
toe_off,R,17642,GRF
heel_strike,R,17684,GRF
toe_off,L,17697,GRF
heel_strike,L,17739,GRF
toe_off,R,17753,GRF
heel_strike,R,17795,GRF
toe_off,L,17809,GRF
heel_strike,L,17848,GRF
toe_off,R,17862,GRF
heel_strike,R,17904,GRF
toe_off,L,17918,GRF
heel_strike,L,17962,GRF
toe_off,R,17975,GRF
heel_strike,R,18015,GRF
toe_off,L,18029,GRF
heel_strike,L,18071,GRF
toe_off,R,18084,GRF
heel_strike,R,18125,GRF
toe_off,L,18138,GRF
heel_strike,L,18179,GRF
toe_off,R,18194,GRF
heel_strike,R,18235,GRF
toe_off,L,18248,GRF
heel_strike,L,18293,GRF
toe_off,R,18307,GRF
heel_strike,R,18347,GRF
toe_off,L,18360,GRF
heel_strike,L,18401,GRF
toe_off,R,18415,GRF
heel_strike,R,18456,GRF
toe_off,L,18470,GRF
heel_strike,L,18511,GRF
toe_off,R,18526,GRF
heel_strike,R,18567,GRF
toe_off,L,18580,GRF
heel_strike,L,18623,GRF
toe_off,R,18636,GRF
heel_strike,R,18678,GRF
toe_off,L,18692,GRF
heel_strike,L,18730,GRF
toe_off,R,18745,GRF
heel_strike,R,18788,GRF
toe_off,L,18801,GRF
heel_strike,L,18844,GRF
toe_off,R,18857,GRF
heel_strike,R,18899,GRF
toe_off,L,18913,GRF
heel_strike,L,18955,GRF
toe_off,R,18969,GRF
heel_strike,R,19011,GRF
toe_off,L,19024,GRF
heel_strike,L,19066,GRF
toe_off,R,19081,GRF
heel_strike,R,19123,GRF
toe_off,L,19136,GRF
heel_strike,L,19181,GRF
toe_off,R,19194,GRF
heel_strike,R,19237,GRF
toe_off,L,19248,GRF
heel_strike,L,19293,GRF
toe_off,R,19307,GRF
heel_strike,R,19349,GRF
toe_off,L,19362,GRF
heel_strike,L,19403,GRF
toe_off,R,19417,GRF
heel_strike,R,19462,GRF
toe_off,L,19474,GRF
heel_strike,L,19516,GRF
toe_off,R,19530,GRF
heel_strike,R,19570,GRF
toe_off,L,19584,GRF
heel_strike,L,19626,GRF
toe_off,R,19640,GRF
heel_strike,R,19681,GRF
toe_off,L,19693,GRF
heel_strike,L,19736,GRF
toe_off,R,19750,GRF
heel_strike,R,19791,GRF
toe_off,L,19805,GRF
heel_strike,L,19848,GRF
toe_off,R,19861,GRF
heel_strike,R,19903,GRF
toe_off,L,19916,GRF
heel_strike,L,19957,GRF
toe_off,R,19970,GRF
heel_strike,R,20015,GRF
toe_off,L,20029,kinematic
heel_strike,L,20070,GRF
toe_off,R,20085,GRF
heel_strike,R,20126,GRF
toe_off,L,20139,GRF
heel_strike,L,20181,GRF
toe_off,R,20196,GRF
heel_strike,R,20235,GRF
toe_off,L,20249,GRF
heel_strike,L,20292,GRF
toe_off,R,20306,GRF
heel_strike,R,20347,GRF
toe_off,L,20361,GRF
heel_strike,L,20401,GRF
toe_off,R,20416,GRF
heel_strike,R,20457,GRF
toe_off,L,20470,GRF
heel_strike,L,20511,GRF
toe_off,R,20526,GRF
heel_strike,R,20567,GRF
toe_off,L,20580,GRF
heel_strike,L,20619,GRF
toe_off,R,20633,GRF
heel_strike,R,20675,GRF
toe_off,L,20688,GRF
heel_strike,L,20729,GRF
toe_off,R,20742,GRF
heel_strike,R,20784,GRF
toe_off,L,20798,GRF
heel_strike,L,20839,GRF
toe_off,R,20854,GRF
heel_strike,R,20895,GRF
toe_off,L,20909,GRF
heel_strike,L,20951,GRF
toe_off,R,20965,GRF
heel_strike,R,21006,GRF
toe_off,L,21020,GRF
heel_strike,L,21063,GRF
toe_off,R,21077,GRF
heel_strike,R,21120,GRF
toe_off,L,21134,GRF
heel_strike,L,21177,GRF
toe_off,R,21190,GRF
heel_strike,R,21234,GRF
toe_off,L,21251,GRF
heel_strike,L,21291,GRF
toe_off,R,21305,GRF
heel_strike,R,21347,GRF
toe_off,L,21360,GRF
heel_strike,L,21404,GRF
toe_off,R,21418,GRF
heel_strike,R,21459,GRF
toe_off,L,21471,GRF
heel_strike,L,21515,GRF
toe_off,R,21529,GRF
heel_strike,R,21569,GRF
toe_off,L,21582,GRF
heel_strike,L,21624,GRF
toe_off,R,21639,GRF
heel_strike,R,21680,GRF
toe_off,L,21693,GRF
heel_strike,L,21734,GRF
toe_off,R,21748,GRF
heel_strike,R,21791,GRF
toe_off,L,21803,GRF
heel_strike,L,21847,GRF
toe_off,R,21861,GRF
heel_strike,R,21903,GRF
toe_off,L,21916,GRF
heel_strike,L,21961,GRF
toe_off,R,21975,GRF
heel_strike,R,22015,GRF
toe_off,L,22029,GRF
heel_strike,L,22071,GRF
toe_off,R,22085,GRF
heel_strike,R,22126,GRF
toe_off,L,22140,kinematic
heel_strike,L,22181,GRF
toe_off,R,22195,GRF
heel_strike,R,22238,GRF
toe_off,L,22252,kinematic
heel_strike,L,22294,GRF
toe_off,R,22307,GRF
heel_strike,R,22350,GRF
toe_off,L,22363,GRF
heel_strike,L,22405,GRF
toe_off,R,22420,GRF
heel_strike,R,22461,GRF
toe_off,L,22474,GRF
heel_strike,L,22514,GRF
toe_off,R,22530,GRF
heel_strike,R,22571,GRF
toe_off,L,22584,GRF
heel_strike,L,22627,GRF
toe_off,R,22642,GRF
heel_strike,R,22683,GRF
toe_off,L,22696,GRF
heel_strike,L,22738,GRF
toe_off,R,22753,GRF
heel_strike,R,22793,GRF
toe_off,L,22806,GRF
heel_strike,L,22846,GRF
toe_off,R,22861,GRF
heel_strike,R,22902,GRF
toe_off,L,22915,GRF
heel_strike,L,22959,GRF
toe_off,R,22973,GRF
heel_strike,R,23015,GRF
toe_off,L,23028,GRF
heel_strike,L,23071,GRF
toe_off,R,23085,GRF
heel_strike,R,23125,GRF
toe_off,L,23139,GRF
heel_strike,L,23180,GRF
toe_off,R,23195,GRF
heel_strike,R,23235,GRF
toe_off,L,23248,GRF
heel_strike,L,23290,GRF
toe_off,R,23305,GRF
heel_strike,R,23344,GRF
toe_off,L,23357,GRF
heel_strike,L,23400,GRF
toe_off,R,23413,GRF
heel_strike,R,23454,GRF
toe_off,L,23467,GRF
heel_strike,L,23511,GRF
toe_off,R,23524,GRF
heel_strike,R,23566,GRF
toe_off,L,23578,GRF
heel_strike,L,23622,GRF
toe_off,R,23636,GRF
heel_strike,R,23678,GRF
toe_off,L,23691,GRF
heel_strike,L,23735,GRF
toe_off,R,23748,GRF
heel_strike,R,23791,GRF
toe_off,L,23804,GRF
heel_strike,L,23847,GRF
toe_off,R,23861,GRF
heel_strike,R,23904,GRF
toe_off,L,23918,kinematic
heel_strike,L,23960,kinematic
toe_off,R,23973,GRF
heel_strike,R,24014,GRF
toe_off,L,24028,kinematic
heel_strike,L,24069,GRF
toe_off,R,24083,GRF
heel_strike,R,24125,GRF
toe_off,L,24138,GRF
heel_strike,L,24178,GRF
toe_off,R,24193,GRF
heel_strike,R,24233,GRF
toe_off,L,24246,GRF
heel_strike,L,24287,GRF
toe_off,R,24301,GRF
heel_strike,R,24345,GRF
toe_off,L,24357,GRF
heel_strike,L,24399,GRF
toe_off,R,24414,GRF
heel_strike,R,24457,GRF
toe_off,L,24469,GRF
heel_strike,L,24512,GRF
toe_off,R,24526,GRF
heel_strike,R,24568,GRF
toe_off,L,24582,GRF
heel_strike,L,24624,GRF
toe_off,R,24639,GRF
heel_strike,R,24679,GRF
toe_off,L,24691,GRF
heel_strike,L,24731,GRF
toe_off,R,24747,GRF
heel_strike,R,24786,GRF
toe_off,L,24800,GRF
heel_strike,L,24842,GRF
toe_off,R,24857,GRF
heel_strike,R,24898,GRF
toe_off,L,24911,GRF
heel_strike,L,24952,GRF
toe_off,R,24967,GRF
heel_strike,R,25010,GRF
toe_off,L,25029,GRF
heel_strike,L,25066,GRF
toe_off,R,25080,GRF
heel_strike,R,25122,GRF
toe_off,L,25135,GRF
heel_strike,L,25180,GRF
toe_off,R,25194,GRF
heel_strike,R,25235,GRF
toe_off,L,25248,GRF
heel_strike,L,25292,GRF
toe_off,R,25306,GRF
heel_strike,R,25349,GRF
toe_off,L,25362,kinematic
heel_strike,L,25405,kinematic
toe_off,R,25418,GRF
heel_strike,R,25460,GRF
toe_off,L,25473,GRF
heel_strike,L,25515,GRF
toe_off,R,25529,GRF
heel_strike,R,25570,GRF
toe_off,L,25584,GRF
heel_strike,L,25624,GRF
toe_off,R,25638,GRF
heel_strike,R,25679,GRF
toe_off,L,25693,GRF
heel_strike,L,25733,GRF
toe_off,R,25748,GRF
heel_strike,R,25789,GRF
toe_off,L,25802,GRF
heel_strike,L,25848,GRF
toe_off,R,25861,GRF
heel_strike,R,25902,GRF
toe_off,L,25914,GRF
heel_strike,L,25957,GRF
toe_off,R,25971,GRF
heel_strike,R,26013,GRF
toe_off,L,26026,kinematic
heel_strike,L,26068,GRF
toe_off,R,26082,GRF
heel_strike,R,26128,GRF
toe_off,L,26140,GRF
heel_strike,L,26183,GRF
toe_off,R,26198,GRF
heel_strike,R,26240,GRF
toe_off,L,26253,GRF
heel_strike,L,26297,GRF
toe_off,R,26312,GRF
heel_strike,R,26356,GRF
toe_off,L,26368,GRF
heel_strike,L,26411,GRF
toe_off,R,26425,GRF
heel_strike,R,26465,GRF
toe_off,L,26479,GRF
heel_strike,L,26523,GRF
toe_off,R,26536,GRF
heel_strike,R,26580,GRF
toe_off,L,26593,GRF
heel_strike,L,26636,GRF
toe_off,R,26650,GRF
heel_strike,R,26691,GRF
toe_off,L,26705,GRF
heel_strike,L,26746,GRF
toe_off,R,26760,GRF
heel_strike,R,26800,GRF
toe_off,L,26813,GRF
heel_strike,L,26853,GRF
toe_off,R,26868,GRF
heel_strike,R,26908,GRF
toe_off,L,26922,GRF
heel_strike,L,26961,GRF
toe_off,R,26976,GRF
heel_strike,R,27017,GRF
toe_off,L,27031,GRF
heel_strike,L,27071,GRF
toe_off,R,27085,GRF
heel_strike,R,27125,GRF
toe_off,L,27139,GRF
heel_strike,L,27179,GRF
toe_off,R,27193,GRF
heel_strike,R,27232,GRF
toe_off,L,27246,GRF
heel_strike,L,27288,GRF
toe_off,R,27302,GRF
heel_strike,R,27345,GRF
toe_off,L,27358,GRF
heel_strike,L,27400,GRF
toe_off,R,27414,GRF
heel_strike,R,27455,GRF
toe_off,L,27469,GRF
heel_strike,L,27511,GRF
toe_off,R,27525,GRF
heel_strike,R,27567,GRF
toe_off,L,27581,GRF
heel_strike,L,27623,GRF
toe_off,R,27637,GRF
heel_strike,R,27678,GRF
toe_off,L,27690,GRF
heel_strike,L,27733,GRF
toe_off,R,27747,GRF
heel_strike,R,27788,GRF
toe_off,L,27801,GRF
heel_strike,L,27842,GRF
toe_off,R,27856,GRF
heel_strike,R,27897,GRF
toe_off,L,27912,GRF
heel_strike,L,27951,GRF
toe_off,R,27965,GRF
heel_strike,R,28006,GRF
toe_off,L,28020,GRF
heel_strike,L,28064,GRF
toe_off,R,28077,GRF
heel_strike,R,28119,GRF
toe_off,L,28132,GRF
heel_strike,L,28175,GRF
toe_off,R,28189,GRF
heel_strike,R,28231,GRF
toe_off,L,28244,GRF
heel_strike,L,28289,GRF
toe_off,R,28303,GRF
heel_strike,R,28347,GRF
toe_off,L,28361,kinematic
heel_strike,L,28403,kinematic
toe_off,R,28416,GRF
heel_strike,R,28458,GRF
toe_off,L,28472,GRF
heel_strike,L,28514,GRF
toe_off,R,28528,GRF
heel_strike,R,28569,GRF
toe_off,L,28583,GRF
heel_strike,L,28624,GRF
toe_off,R,28639,GRF
heel_strike,R,28677,GRF
toe_off,L,28691,GRF
heel_strike,L,28731,GRF
toe_off,R,28745,GRF
heel_strike,R,28786,GRF
toe_off,L,28800,GRF
heel_strike,L,28843,GRF
toe_off,R,28857,GRF
heel_strike,R,28898,GRF
toe_off,L,28911,GRF
heel_strike,L,28952,GRF
toe_off,R,28966,GRF
heel_strike,R,29007,GRF
toe_off,L,29021,GRF
heel_strike,L,29062,GRF
toe_off,R,29077,GRF
heel_strike,R,29121,GRF
toe_off,L,29134,GRF
heel_strike,L,29178,GRF
toe_off,R,29192,GRF
heel_strike,R,29236,GRF
toe_off,L,29249,GRF
heel_strike,L,29295,GRF
toe_off,R,29308,GRF
heel_strike,R,29352,GRF
toe_off,L,29365,kinematic
heel_strike,L,29407,GRF
toe_off,R,29421,GRF
heel_strike,R,29462,GRF
toe_off,L,29475,GRF
heel_strike,L,29517,GRF
toe_off,R,29531,GRF
heel_strike,R,29573,GRF
toe_off,L,29586,GRF
heel_strike,L,29627,GRF
toe_off,R,29642,GRF
heel_strike,R,29683,GRF
toe_off,L,29697,kinematic
heel_strike,L,29736,GRF
toe_off,R,29751,GRF
heel_strike,R,29795,GRF
toe_off,L,29808,kinematic
heel_strike,L,29847,GRF
toe_off,R,29862,GRF
heel_strike,R,29902,GRF
toe_off,L,29916,GRF
heel_strike,L,29955,GRF
toe_off,R,29971,GRF
heel_strike,R,30009,GRF
toe_off,L,30023,GRF
heel_strike,L,30063,GRF
toe_off,R,30078,GRF
heel_strike,R,30117,GRF
toe_off,L,30131,GRF
heel_strike,L,30171,GRF
toe_off,R,30186,GRF
heel_strike,R,30231,GRF
toe_off,L,30243,GRF
heel_strike,L,30288,GRF
toe_off,R,30302,GRF
heel_strike,R,30343,GRF
toe_off,L,30357,GRF
heel_strike,L,30401,GRF
toe_off,R,30415,GRF
heel_strike,R,30457,GRF
toe_off,L,30471,kinematic
heel_strike,L,30513,kinematic
toe_off,R,30526,GRF
heel_strike,R,30569,GRF
toe_off,L,30583,kinematic
heel_strike,L,30624,kinematic
toe_off,R,30638,GRF
heel_strike,R,30679,GRF
toe_off,L,30693,kinematic
heel_strike,L,30735,GRF
toe_off,R,30749,GRF
heel_strike,R,30789,GRF
toe_off,L,30813,GRF
heel_strike,L,30847,GRF
toe_off,R,30862,GRF
heel_strike,R,30903,GRF
toe_off,L,30917,GRF
heel_strike,L,30959,GRF
toe_off,R,30974,GRF
heel_strike,R,31015,GRF
toe_off,L,31029,GRF
heel_strike,L,31072,GRF
toe_off,R,31087,GRF
heel_strike,R,31127,GRF
toe_off,L,31141,kinematic
heel_strike,L,31182,kinematic
toe_off,R,31195,GRF
heel_strike,R,31241,GRF
toe_off,L,31253,kinematic
heel_strike,L,31294,kinematic
toe_off,R,31307,GRF
heel_strike,R,31348,GRF
toe_off,L,31362,GRF
heel_strike,L,31401,GRF
toe_off,R,31415,GRF
heel_strike,R,31457,GRF
toe_off,L,31471,GRF
heel_strike,L,31511,GRF
toe_off,R,31526,GRF
heel_strike,R,31568,GRF
toe_off,L,31582,GRF
heel_strike,L,31624,GRF
toe_off,R,31638,GRF
heel_strike,R,31679,GRF
toe_off,L,31693,kinematic
heel_strike,L,31734,GRF
toe_off,R,31749,GRF
heel_strike,R,31791,GRF
toe_off,L,31804,GRF
heel_strike,L,31846,GRF
toe_off,R,31859,GRF
heel_strike,R,31902,GRF
toe_off,L,31915,GRF
heel_strike,L,31958,GRF
toe_off,R,31972,GRF
heel_strike,R,32013,GRF
toe_off,L,32026,GRF
heel_strike,L,32068,GRF
toe_off,R,32082,GRF
heel_strike,R,32125,GRF
toe_off,L,32138,GRF
heel_strike,L,32179,GRF
toe_off,R,32193,GRF
heel_strike,R,32235,GRF
toe_off,L,32248,GRF
heel_strike,L,32290,GRF
toe_off,R,32304,GRF
heel_strike,R,32346,GRF
toe_off,L,32360,GRF
heel_strike,L,32399,GRF
toe_off,R,32414,GRF
heel_strike,R,32455,GRF
toe_off,L,32468,GRF
heel_strike,L,32509,GRF
toe_off,R,32524,GRF
heel_strike,R,32565,GRF
toe_off,L,32578,GRF
heel_strike,L,32619,GRF
toe_off,R,32634,GRF
heel_strike,R,32676,GRF
toe_off,L,32690,GRF
heel_strike,L,32730,GRF
toe_off,R,32744,GRF
heel_strike,R,32785,GRF
toe_off,L,32798,GRF
heel_strike,L,32839,GRF
toe_off,R,32853,GRF
heel_strike,R,32894,GRF
toe_off,L,32907,GRF
heel_strike,L,32950,GRF
toe_off,R,32965,GRF
heel_strike,R,33006,GRF
toe_off,L,33019,GRF
heel_strike,L,33066,GRF
toe_off,R,33079,GRF
heel_strike,R,33121,GRF
toe_off,L,33135,GRF
heel_strike,L,33179,GRF
toe_off,R,33193,GRF
heel_strike,R,33233,GRF
toe_off,L,33247,GRF
heel_strike,L,33290,GRF
toe_off,R,33304,GRF
heel_strike,R,33345,GRF
toe_off,L,33360,kinematic
heel_strike,L,33401,kinematic
toe_off,R,33416,GRF
heel_strike,R,33460,GRF
toe_off,L,33473,kinematic
heel_strike,L,33515,kinematic
toe_off,R,33527,GRF
heel_strike,R,33568,GRF
toe_off,L,33582,GRF
heel_strike,L,33622,GRF
toe_off,R,33637,GRF
heel_strike,R,33677,GRF
toe_off,L,33692,GRF
heel_strike,L,33732,GRF
toe_off,R,33747,GRF
heel_strike,R,33787,GRF
toe_off,L,33801,GRF
heel_strike,L,33840,GRF
toe_off,R,33854,GRF
heel_strike,R,33894,GRF
toe_off,L,33908,GRF
heel_strike,L,33951,GRF
toe_off,R,33965,GRF
heel_strike,R,34006,GRF
toe_off,L,34020,GRF
heel_strike,L,34060,GRF
toe_off,R,34074,GRF
heel_strike,R,34114,GRF
toe_off,L,34128,GRF
heel_strike,L,34168,GRF
toe_off,R,34182,GRF
heel_strike,R,34223,GRF
toe_off,L,34237,GRF
heel_strike,L,34278,GRF
toe_off,R,34292,GRF
heel_strike,R,34339,GRF
toe_off,L,34351,GRF
heel_strike,L,34397,GRF
toe_off,R,34410,GRF
heel_strike,R,34454,GRF
toe_off,L,34467,GRF
heel_strike,L,34511,GRF
toe_off,R,34525,GRF
heel_strike,R,34565,GRF
toe_off,L,34579,GRF
heel_strike,L,34622,GRF
toe_off,R,34636,GRF
heel_strike,R,34677,GRF
toe_off,L,34690,GRF
heel_strike,L,34735,GRF
toe_off,R,34748,GRF
heel_strike,R,34789,GRF
toe_off,L,34804,kinematic
heel_strike,L,34846,GRF
toe_off,R,34860,GRF
heel_strike,R,34904,GRF
toe_off,L,34917,kinematic
heel_strike,L,34961,GRF
toe_off,R,34974,GRF
heel_strike,R,35015,GRF
toe_off,L,35029,GRF
heel_strike,L,35071,GRF
toe_off,R,35085,GRF
heel_strike,R,35127,GRF
toe_off,L,35140,GRF
heel_strike,L,35183,GRF
toe_off,R,35196,GRF
heel_strike,R,35238,GRF
toe_off,L,35259,GRF
heel_strike,L,35293,GRF
toe_off,R,35307,GRF
heel_strike,R,35348,GRF
toe_off,L,35362,GRF
heel_strike,L,35402,GRF
toe_off,R,35417,GRF
heel_strike,R,35458,GRF
toe_off,L,35472,GRF
heel_strike,L,35511,GRF
toe_off,R,35525,GRF
heel_strike,R,35565,GRF
toe_off,L,35580,GRF
heel_strike,L,35621,GRF
toe_off,R,35635,GRF
heel_strike,R,35675,GRF
toe_off,L,35689,GRF
heel_strike,L,35729,GRF
toe_off,R,35743,GRF
heel_strike,R,35784,GRF
toe_off,L,35797,kinematic
heel_strike,L,35840,kinematic
toe_off,R,35854,GRF
heel_strike,R,35899,GRF
toe_off,L,35912,kinematic
heel_strike,L,35953,kinematic
toe_off,R,35966,GRF
heel_strike,R,36008,GRF
toe_off,L,36022,GRF
heel_strike,L,36063,GRF
toe_off,R,36077,GRF
heel_strike,R,36119,GRF
toe_off,L,36133,GRF
heel_strike,L,36175,GRF
toe_off,R,36189,GRF
heel_strike,R,36231,GRF
toe_off,L,36245,GRF
heel_strike,L,36286,GRF
toe_off,R,36301,GRF
heel_strike,R,36347,GRF
toe_off,L,36360,kinematic
heel_strike,L,36401,kinematic
toe_off,R,36413,GRF
heel_strike,R,36457,GRF
toe_off,L,36470,GRF
heel_strike,L,36510,GRF
toe_off,R,36524,GRF
heel_strike,R,36567,GRF
toe_off,L,36581,GRF
heel_strike,L,36624,GRF
toe_off,R,36637,GRF
heel_strike,R,36682,GRF
toe_off,L,36695,GRF
heel_strike,L,36736,GRF
toe_off,R,36750,GRF
heel_strike,R,36791,GRF
toe_off,L,36805,GRF
heel_strike,L,36847,GRF
toe_off,R,36861,GRF
heel_strike,R,36902,GRF
toe_off,L,36915,GRF
heel_strike,L,36956,GRF
toe_off,R,36971,GRF
heel_strike,R,37011,GRF
toe_off,L,37024,GRF
heel_strike,L,37063,GRF
toe_off,R,37078,GRF
heel_strike,R,37119,GRF
toe_off,L,37134,GRF
heel_strike,L,37173,GRF
toe_off,R,37187,GRF
heel_strike,R,37230,GRF
toe_off,L,37243,GRF
heel_strike,L,37288,GRF
toe_off,R,37301,GRF
heel_strike,R,37345,GRF
toe_off,L,37359,GRF
heel_strike,L,37402,GRF
toe_off,R,37415,GRF
heel_strike,R,37458,GRF
toe_off,L,37471,GRF
heel_strike,L,37513,GRF
toe_off,R,37529,GRF
heel_strike,R,37570,GRF
toe_off,L,37584,GRF
heel_strike,L,37625,GRF
toe_off,R,37639,GRF
heel_strike,R,37679,GRF
toe_off,L,37692,GRF
heel_strike,L,37734,GRF
toe_off,R,37748,GRF
heel_strike,R,37792,GRF
toe_off,L,37805,GRF
heel_strike,L,37845,GRF
toe_off,R,37861,GRF
heel_strike,R,37900,GRF
toe_off,L,37914,GRF
heel_strike,L,37956,GRF
toe_off,R,37970,GRF
heel_strike,R,38010,GRF
toe_off,L,38024,GRF
heel_strike,L,38065,GRF
toe_off,R,38079,GRF
heel_strike,R,38121,GRF
toe_off,L,38135,GRF
heel_strike,L,38177,GRF
toe_off,R,38191,GRF
heel_strike,R,38232,GRF
toe_off,L,38245,GRF
heel_strike,L,38286,GRF
toe_off,R,38301,GRF
heel_strike,R,38341,GRF
toe_off,L,38355,GRF
heel_strike,L,38399,GRF
toe_off,R,38412,GRF
heel_strike,R,38456,GRF
toe_off,L,38469,GRF
heel_strike,L,38511,GRF
toe_off,R,38526,GRF
heel_strike,R,38565,GRF
toe_off,L,38579,GRF
heel_strike,L,38621,GRF
toe_off,R,38635,GRF
heel_strike,R,38676,GRF
toe_off,L,38690,GRF
heel_strike,L,38731,GRF
toe_off,R,38746,GRF
heel_strike,R,38788,GRF
toe_off,L,38802,GRF
heel_strike,L,38844,GRF
toe_off,R,38858,GRF
heel_strike,R,38900,GRF
toe_off,L,38914,GRF
heel_strike,L,38957,GRF
toe_off,R,38971,GRF
heel_strike,R,39012,GRF
toe_off,L,39026,GRF
heel_strike,L,39068,GRF
toe_off,R,39083,GRF
heel_strike,R,39123,GRF
toe_off,L,39137,GRF
heel_strike,L,39178,GRF
toe_off,R,39193,GRF
heel_strike,R,39235,GRF
toe_off,L,39248,GRF
heel_strike,L,39290,GRF
toe_off,R,39304,GRF
heel_strike,R,39345,GRF
toe_off,L,39359,GRF
heel_strike,L,39399,GRF
toe_off,R,39414,GRF
heel_strike,R,39455,GRF
toe_off,L,39468,GRF
heel_strike,L,39510,GRF
toe_off,R,39525,GRF
heel_strike,R,39565,GRF
toe_off,L,39578,GRF
heel_strike,L,39618,GRF
toe_off,R,39633,GRF
heel_strike,R,39675,GRF
toe_off,L,39687,GRF
heel_strike,L,39728,GRF
toe_off,R,39743,GRF
heel_strike,R,39784,GRF
toe_off,L,39798,GRF
heel_strike,L,39839,GRF
toe_off,R,39854,GRF
heel_strike,R,39893,GRF
toe_off,L,39906,GRF
heel_strike,L,39946,GRF
toe_off,R,39960,GRF
heel_strike,R,40006,GRF
toe_off,L,40020,GRF
heel_strike,L,40064,GRF
toe_off,R,40078,GRF
heel_strike,R,40121,GRF
toe_off,L,40134,GRF
heel_strike,L,40177,GRF
toe_off,R,40191,GRF
heel_strike,R,40233,GRF
toe_off,L,40246,GRF
heel_strike,L,40291,GRF
toe_off,R,40304,GRF
heel_strike,R,40346,GRF
toe_off,L,40361,GRF
heel_strike,L,40403,GRF
toe_off,R,40417,GRF
heel_strike,R,40458,GRF
toe_off,L,40471,GRF
heel_strike,L,40514,GRF
toe_off,R,40527,GRF
heel_strike,R,40569,GRF
toe_off,L,40583,GRF
heel_strike,L,40625,GRF
toe_off,R,40640,GRF
heel_strike,R,40682,GRF
toe_off,L,40695,GRF
heel_strike,L,40737,GRF
toe_off,R,40752,GRF
heel_strike,R,40793,GRF
toe_off,L,40807,GRF
heel_strike,L,40847,GRF
toe_off,R,40863,GRF
heel_strike,R,40902,GRF
toe_off,L,40917,GRF
heel_strike,L,40958,GRF
toe_off,R,40972,GRF
heel_strike,R,41013,GRF
toe_off,L,41027,GRF
heel_strike,L,41067,GRF
toe_off,R,41081,GRF
heel_strike,R,41122,GRF
toe_off,L,41136,GRF
heel_strike,L,41178,GRF
toe_off,R,41192,GRF
heel_strike,R,41233,GRF
toe_off,L,41246,GRF
heel_strike,L,41289,GRF
toe_off,R,41303,GRF
heel_strike,R,41345,GRF
toe_off,L,41359,kinematic
heel_strike,L,41400,GRF
toe_off,R,41414,GRF
heel_strike,R,41455,GRF
toe_off,L,41474,GRF
heel_strike,L,41510,GRF
toe_off,R,41525,GRF
heel_strike,R,41565,GRF
toe_off,L,41578,GRF
heel_strike,L,41619,GRF
toe_off,R,41634,GRF
heel_strike,R,41676,GRF
toe_off,L,41689,GRF
heel_strike,L,41730,GRF
toe_off,R,41744,GRF
heel_strike,R,41787,GRF
toe_off,L,41800,GRF
heel_strike,L,41845,GRF
toe_off,R,41859,GRF
heel_strike,R,41900,GRF
toe_off,L,41914,kinematic
heel_strike,L,41956,kinematic
toe_off,R,41970,GRF
heel_strike,R,42013,GRF
toe_off,L,42026,kinematic
heel_strike,L,42069,GRF
toe_off,R,42083,GRF
heel_strike,R,42125,GRF
toe_off,L,42138,GRF
heel_strike,L,42181,GRF
toe_off,R,42195,GRF
heel_strike,R,42237,GRF
toe_off,L,42251,GRF
heel_strike,L,42292,GRF
toe_off,R,42306,GRF
heel_strike,R,42348,GRF
toe_off,L,42360,GRF
heel_strike,L,42401,GRF
toe_off,R,42415,GRF
heel_strike,R,42457,GRF
toe_off,L,42469,GRF
heel_strike,L,42511,GRF
toe_off,R,42525,GRF
heel_strike,R,42566,GRF
toe_off,L,42580,GRF
heel_strike,L,42622,GRF
toe_off,R,42636,GRF
heel_strike,R,42679,GRF
toe_off,L,42692,kinematic
heel_strike,L,42735,kinematic
toe_off,R,42748,GRF
heel_strike,R,42789,GRF
toe_off,L,42802,GRF
heel_strike,L,42844,GRF
toe_off,R,42858,GRF
heel_strike,R,42901,GRF
toe_off,L,42915,GRF
heel_strike,L,42957,GRF
toe_off,R,42971,GRF
heel_strike,R,43011,GRF
toe_off,L,43025,GRF
heel_strike,L,43065,GRF
toe_off,R,43080,GRF
heel_strike,R,43120,GRF
toe_off,L,43133,GRF
heel_strike,L,43174,GRF
toe_off,R,43189,GRF
heel_strike,R,43231,GRF
toe_off,L,43245,GRF
heel_strike,L,43285,GRF
toe_off,R,43298,GRF
heel_strike,R,43339,GRF
toe_off,L,43353,GRF
heel_strike,L,43395,GRF
toe_off,R,43409,GRF
heel_strike,R,43449,GRF
toe_off,L,43463,GRF
heel_strike,L,43502,GRF
toe_off,R,43517,GRF
heel_strike,R,43561,GRF
toe_off,L,43574,GRF
heel_strike,L,43617,GRF
toe_off,R,43630,GRF
heel_strike,R,43673,GRF
toe_off,L,43687,GRF
heel_strike,L,43731,GRF
toe_off,R,43744,GRF
heel_strike,R,43786,GRF
toe_off,L,43800,GRF
heel_strike,L,43847,GRF
toe_off,R,43861,GRF
heel_strike,R,43902,GRF
toe_off,L,43915,GRF
heel_strike,L,43959,GRF
toe_off,R,43973,GRF
heel_strike,R,44016,GRF
toe_off,L,44029,GRF
heel_strike,L,44070,GRF
toe_off,R,44084,GRF
heel_strike,R,44123,GRF
toe_off,L,44136,GRF
heel_strike,L,44177,GRF
toe_off,R,44192,GRF
heel_strike,R,44235,GRF
toe_off,L,44248,GRF
heel_strike,L,44291,GRF
toe_off,R,44305,GRF
heel_strike,R,44344,GRF
toe_off,L,44359,GRF
heel_strike,L,44402,GRF
toe_off,R,44415,GRF
heel_strike,R,44455,GRF
toe_off,L,44467,GRF
heel_strike,L,44508,GRF
toe_off,R,44523,GRF
heel_strike,R,44564,GRF
toe_off,L,44578,kinematic
heel_strike,L,44619,GRF
toe_off,R,44633,GRF
heel_strike,R,44681,GRF
toe_off,L,44693,kinematic
heel_strike,L,44734,kinematic
toe_off,R,44746,GRF
heel_strike,R,44790,GRF
toe_off,L,44802,kinematic
heel_strike,L,44841,GRF
toe_off,R,44855,GRF
heel_strike,R,44896,GRF
toe_off,L,44910,GRF
heel_strike,L,44951,GRF
toe_off,R,44965,GRF
heel_strike,R,45007,GRF
toe_off,L,45021,GRF
heel_strike,L,45064,GRF
toe_off,R,45077,GRF
heel_strike,R,45122,GRF
toe_off,L,45136,kinematic
heel_strike,L,45180,GRF
toe_off,R,45193,GRF
heel_strike,R,45235,GRF
toe_off,L,45249,GRF
heel_strike,L,45291,GRF
toe_off,R,45306,GRF
heel_strike,R,45346,GRF
toe_off,L,45360,GRF
heel_strike,L,45405,GRF
toe_off,R,45417,GRF
heel_strike,R,45459,GRF
toe_off,L,45474,kinematic
heel_strike,L,45516,GRF
toe_off,R,45530,GRF
heel_strike,R,45575,GRF
toe_off,L,45590,kinematic
heel_strike,L,45631,kinematic
toe_off,R,45645,GRF
heel_strike,R,45686,GRF
toe_off,L,45699,GRF
heel_strike,L,45742,GRF
toe_off,R,45756,GRF
heel_strike,R,45797,GRF
toe_off,L,45810,kinematic
heel_strike,L,45855,GRF
toe_off,R,45869,GRF
heel_strike,R,45911,GRF
toe_off,L,45932,GRF
heel_strike,L,45965,GRF
toe_off,R,45978,GRF
heel_strike,R,46022,GRF
toe_off,L,46035,GRF
heel_strike,L,46077,GRF
toe_off,R,46091,GRF
heel_strike,R,46133,GRF
toe_off,L,46146,GRF
heel_strike,L,46190,GRF
toe_off,R,46202,GRF
heel_strike,R,46244,GRF
toe_off,L,46258,GRF
heel_strike,L,46298,GRF
toe_off,R,46311,GRF
heel_strike,R,46353,GRF
toe_off,L,46367,GRF
heel_strike,L,46408,GRF
toe_off,R,46423,GRF
heel_strike,R,46462,GRF
toe_off,L,46476,GRF
heel_strike,L,46516,GRF
toe_off,R,46531,GRF
heel_strike,R,46571,GRF
toe_off,L,46584,GRF
heel_strike,L,46626,GRF
toe_off,R,46640,GRF
heel_strike,R,46680,GRF
toe_off,L,46694,GRF
heel_strike,L,46735,GRF
toe_off,R,46750,GRF
heel_strike,R,46790,GRF
toe_off,L,46803,GRF
heel_strike,L,46844,GRF
toe_off,R,46858,GRF
heel_strike,R,46899,GRF
toe_off,L,46913,GRF
heel_strike,L,46954,GRF
toe_off,R,46969,GRF
heel_strike,R,47010,GRF
toe_off,L,47024,GRF
heel_strike,L,47066,GRF
toe_off,R,47081,GRF
heel_strike,R,47122,GRF
toe_off,L,47136,GRF
heel_strike,L,47177,GRF
toe_off,R,47191,GRF
heel_strike,R,47232,GRF
toe_off,L,47247,GRF
heel_strike,L,47287,GRF
toe_off,R,47302,GRF
heel_strike,R,47346,GRF
toe_off,L,47359,GRF
heel_strike,L,47401,GRF
toe_off,R,47415,GRF
heel_strike,R,47457,GRF
toe_off,L,47471,GRF
heel_strike,L,47512,GRF
toe_off,R,47526,GRF
heel_strike,R,47569,GRF
toe_off,L,47582,GRF
heel_strike,L,47625,GRF
toe_off,R,47639,GRF
heel_strike,R,47679,GRF
toe_off,L,47692,GRF
heel_strike,L,47733,GRF
toe_off,R,47748,GRF
heel_strike,R,47790,GRF
toe_off,L,47804,GRF
heel_strike,L,47844,GRF
toe_off,R,47859,GRF
heel_strike,R,47900,GRF
toe_off,L,47915,GRF
heel_strike,L,47955,GRF
toe_off,R,47970,GRF
heel_strike,R,48012,GRF
toe_off,L,48026,GRF
heel_strike,L,48069,GRF
toe_off,R,48083,GRF
heel_strike,R,48125,GRF
toe_off,L,48138,GRF
heel_strike,L,48181,GRF
toe_off,R,48195,GRF
heel_strike,R,48236,GRF
toe_off,L,48250,kinematic
heel_strike,L,48293,GRF
toe_off,R,48307,GRF
heel_strike,R,48347,GRF
toe_off,L,48361,kinematic
heel_strike,L,48402,kinematic
toe_off,R,48415,GRF
heel_strike,R,48458,GRF
toe_off,L,48482,GRF
heel_strike,L,48511,GRF
toe_off,R,48526,GRF
heel_strike,R,48567,GRF
toe_off,L,48581,kinematic
heel_strike,L,48623,GRF
toe_off,R,48637,GRF
heel_strike,R,48676,GRF
toe_off,L,48690,GRF
heel_strike,L,48732,GRF
toe_off,R,48747,GRF
heel_strike,R,48787,GRF
toe_off,L,48802,kinematic
heel_strike,L,48841,GRF
toe_off,R,48856,GRF
heel_strike,R,48897,GRF
toe_off,L,48917,GRF
heel_strike,L,48954,GRF
toe_off,R,48969,GRF
heel_strike,R,49009,GRF
toe_off,L,49022,kinematic
heel_strike,L,49065,kinematic
toe_off,R,49079,GRF
heel_strike,R,49121,GRF
toe_off,L,49135,GRF
heel_strike,L,49175,GRF
toe_off,R,49190,GRF
heel_strike,R,49231,GRF
toe_off,L,49244,GRF
heel_strike,L,49289,GRF
toe_off,R,49303,GRF
heel_strike,R,49343,GRF
toe_off,L,49357,GRF
heel_strike,L,49398,GRF
toe_off,R,49412,GRF
heel_strike,R,49453,GRF
toe_off,L,49468,GRF
heel_strike,L,49509,GRF
toe_off,R,49524,GRF
heel_strike,R,49566,GRF
toe_off,L,49580,GRF
heel_strike,L,49620,GRF
toe_off,R,49634,GRF
heel_strike,R,49677,GRF
toe_off,L,49690,GRF
heel_strike,L,49733,GRF
toe_off,R,49746,GRF
heel_strike,R,49789,GRF
toe_off,L,49802,GRF
heel_strike,L,49845,GRF
toe_off,R,49859,GRF
heel_strike,R,49901,GRF
toe_off,L,49914,GRF
heel_strike,L,49955,GRF
toe_off,R,49969,GRF
heel_strike,R,50010,GRF
toe_off,L,50023,GRF
heel_strike,L,50065,GRF
toe_off,R,50079,GRF
heel_strike,R,50122,GRF
toe_off,L,50136,GRF
heel_strike,L,50175,GRF
toe_off,R,50189,GRF
heel_strike,R,50231,GRF
toe_off,L,50245,GRF
heel_strike,L,50286,GRF
toe_off,R,50301,GRF
heel_strike,R,50339,GRF
toe_off,L,50353,GRF
heel_strike,L,50392,GRF
toe_off,R,50407,GRF
heel_strike,R,50449,GRF
toe_off,L,50463,GRF
heel_strike,L,50504,GRF
toe_off,R,50520,GRF
heel_strike,R,50559,GRF
toe_off,L,50574,GRF
heel_strike,L,50612,GRF
toe_off,R,50626,GRF
heel_strike,R,50670,GRF
toe_off,L,50684,GRF
heel_strike,L,50724,GRF
toe_off,R,50739,GRF
heel_strike,R,50779,GRF
toe_off,L,50793,GRF
heel_strike,L,50835,GRF
toe_off,R,50849,GRF
heel_strike,R,50890,GRF
toe_off,L,50904,GRF
heel_strike,L,50944,GRF
toe_off,R,50958,GRF
heel_strike,R,51000,GRF
toe_off,L,51013,GRF
heel_strike,L,51054,GRF
toe_off,R,51069,GRF
heel_strike,R,51114,GRF
toe_off,L,51127,GRF
heel_strike,L,51171,GRF
toe_off,R,51185,GRF
heel_strike,R,51228,GRF
toe_off,L,51241,GRF
heel_strike,L,51285,GRF
toe_off,R,51298,GRF
heel_strike,R,51340,GRF
toe_off,L,51353,GRF
heel_strike,L,51394,GRF
toe_off,R,51410,GRF
heel_strike,R,51449,GRF
toe_off,L,51463,GRF
heel_strike,L,51503,GRF
toe_off,R,51517,GRF
heel_strike,R,51561,GRF
toe_off,L,51575,GRF
heel_strike,L,51618,GRF
toe_off,R,51632,GRF
heel_strike,R,51674,GRF
toe_off,L,51687,GRF
heel_strike,L,51731,GRF
toe_off,R,51746,GRF
heel_strike,R,51789,GRF
toe_off,L,51803,GRF
heel_strike,L,51844,GRF
toe_off,R,51858,GRF
heel_strike,R,51898,GRF
toe_off,L,51911,GRF
heel_strike,L,51951,GRF
toe_off,R,51965,GRF
heel_strike,R,52007,GRF
toe_off,L,52021,GRF
heel_strike,L,52065,GRF
toe_off,R,52078,GRF
heel_strike,R,52120,GRF
toe_off,L,52134,GRF
heel_strike,L,52177,GRF
toe_off,R,52191,GRF
heel_strike,R,52231,GRF
toe_off,L,52244,GRF
heel_strike,L,52286,GRF
toe_off,R,52301,GRF
heel_strike,R,52344,GRF
toe_off,L,52357,GRF
heel_strike,L,52400,GRF
toe_off,R,52414,GRF
heel_strike,R,52457,GRF
toe_off,L,52470,GRF
heel_strike,L,52513,GRF
toe_off,R,52528,GRF
heel_strike,R,52568,GRF
toe_off,L,52582,GRF
heel_strike,L,52624,GRF
toe_off,R,52638,GRF
heel_strike,R,52681,GRF
toe_off,L,52694,kinematic
heel_strike,L,52737,GRF
toe_off,R,52751,GRF
heel_strike,R,52791,GRF
toe_off,L,52805,GRF
heel_strike,L,52849,GRF
toe_off,R,52864,GRF
heel_strike,R,52909,GRF
toe_off,L,52931,GRF
heel_strike,L,52964,GRF
toe_off,R,52978,GRF
heel_strike,R,53021,GRF
toe_off,L,53035,kinematic
heel_strike,L,53074,GRF
toe_off,R,53087,GRF
heel_strike,R,53134,GRF
toe_off,L,53146,GRF
heel_strike,L,53187,GRF
toe_off,R,53202,GRF
heel_strike,R,53242,GRF
toe_off,L,53256,GRF
heel_strike,L,53296,GRF
toe_off,R,53311,GRF
heel_strike,R,53350,GRF
toe_off,L,53363,GRF
heel_strike,L,53406,GRF
toe_off,R,53421,GRF
heel_strike,R,53462,GRF
toe_off,L,53475,GRF
heel_strike,L,53515,GRF
toe_off,R,53529,GRF
heel_strike,R,53571,GRF
toe_off,L,53586,GRF
heel_strike,L,53624,GRF
toe_off,R,53639,GRF
heel_strike,R,53679,GRF
toe_off,L,53694,GRF
heel_strike,L,53734,GRF
toe_off,R,53748,GRF
heel_strike,R,53790,GRF
toe_off,L,53804,GRF
heel_strike,L,53845,GRF
toe_off,R,53859,GRF
heel_strike,R,53899,GRF
toe_off,L,53913,GRF
heel_strike,L,53955,GRF
toe_off,R,53969,GRF
heel_strike,R,54009,GRF
toe_off,L,54023,GRF
heel_strike,L,54063,GRF
toe_off,R,54077,GRF
heel_strike,R,54119,GRF
toe_off,L,54133,GRF
heel_strike,L,54174,GRF
toe_off,R,54188,GRF
heel_strike,R,54231,GRF
toe_off,L,54245,GRF
heel_strike,L,54287,GRF
toe_off,R,54301,GRF
heel_strike,R,54342,GRF
toe_off,L,54355,GRF
heel_strike,L,54399,GRF
toe_off,R,54413,GRF
heel_strike,R,54454,GRF
toe_off,L,54466,GRF
heel_strike,L,54509,GRF
toe_off,R,54523,GRF
heel_strike,R,54566,GRF
toe_off,L,54579,kinematic
heel_strike,L,54619,GRF
toe_off,R,54634,GRF
heel_strike,R,54675,GRF
toe_off,L,54689,GRF
heel_strike,L,54731,GRF
toe_off,R,54746,GRF
heel_strike,R,54786,GRF
toe_off,L,54800,GRF
heel_strike,L,54840,GRF
toe_off,R,54855,GRF
heel_strike,R,54896,GRF
toe_off,L,54920,GRF
heel_strike,L,54951,GRF
toe_off,R,54966,GRF
heel_strike,R,55008,GRF
toe_off,L,55021,kinematic
heel_strike,L,55063,GRF
toe_off,R,55077,GRF
heel_strike,R,55118,GRF
toe_off,L,55132,GRF
heel_strike,L,55173,GRF
toe_off,R,55188,GRF
heel_strike,R,55229,GRF
toe_off,L,55243,GRF
heel_strike,L,55283,GRF
toe_off,R,55298,GRF
heel_strike,R,55339,GRF
toe_off,L,55353,GRF
heel_strike,L,55397,GRF
toe_off,R,55411,GRF
heel_strike,R,55453,GRF
toe_off,L,55466,GRF
heel_strike,L,55511,GRF
toe_off,R,55525,GRF
heel_strike,R,55566,GRF
toe_off,L,55580,GRF
heel_strike,L,55622,GRF
toe_off,R,55637,GRF
heel_strike,R,55678,GRF
toe_off,L,55693,GRF
heel_strike,L,55733,GRF
toe_off,R,55748,GRF
heel_strike,R,55789,GRF
toe_off,L,55803,GRF
heel_strike,L,55842,GRF
toe_off,R,55858,GRF
heel_strike,R,55898,GRF
toe_off,L,55911,GRF
heel_strike,L,55952,GRF
toe_off,R,55966,GRF
heel_strike,R,56007,GRF
toe_off,L,56020,GRF
heel_strike,L,56065,GRF
toe_off,R,56078,GRF
heel_strike,R,56123,GRF
toe_off,L,56136,kinematic
heel_strike,L,56178,kinematic
toe_off,R,56190,GRF
heel_strike,R,56231,GRF
toe_off,L,56245,GRF
heel_strike,L,56284,GRF
toe_off,R,56299,GRF
heel_strike,R,56339,GRF
toe_off,L,56354,GRF
heel_strike,L,56394,GRF
toe_off,R,56408,GRF
heel_strike,R,56448,GRF
toe_off,L,56462,GRF
heel_strike,L,56500,GRF
toe_off,R,56515,GRF
heel_strike,R,56556,GRF
toe_off,L,56570,GRF
heel_strike,L,56609,GRF
toe_off,R,56625,GRF
heel_strike,R,56663,GRF
toe_off,L,56676,GRF
heel_strike,L,56719,GRF
toe_off,R,56733,GRF
heel_strike,R,56778,GRF
toe_off,L,56791,GRF
heel_strike,L,56835,GRF
toe_off,R,56849,GRF
heel_strike,R,56892,GRF
toe_off,L,56905,GRF
heel_strike,L,56949,GRF
toe_off,R,56964,GRF
heel_strike,R,57003,GRF
toe_off,L,57017,GRF
heel_strike,L,57061,GRF
toe_off,R,57076,GRF
heel_strike,R,57116,GRF
toe_off,L,57131,GRF
heel_strike,L,57173,GRF
toe_off,R,57186,GRF
heel_strike,R,57228,GRF
toe_off,L,57243,GRF
heel_strike,L,57283,GRF
toe_off,R,57297,GRF
heel_strike,R,57339,GRF
toe_off,L,57353,GRF
heel_strike,L,57393,GRF
toe_off,R,57407,GRF
heel_strike,R,57451,GRF
toe_off,L,57464,GRF
heel_strike,L,57509,GRF
toe_off,R,57522,GRF
heel_strike,R,57563,GRF
toe_off,L,57577,GRF
heel_strike,L,57620,GRF
toe_off,R,57634,GRF
heel_strike,R,57679,GRF
toe_off,L,57693,GRF
heel_strike,L,57733,GRF
toe_off,R,57747,GRF
heel_strike,R,57788,GRF
toe_off,L,57801,GRF
heel_strike,L,57843,GRF
toe_off,R,57857,GRF
heel_strike,R,57899,GRF
toe_off,L,57912,GRF
heel_strike,L,57953,GRF
toe_off,R,57967,GRF
heel_strike,R,58007,GRF
toe_off,L,58022,GRF
heel_strike,L,58062,GRF
toe_off,R,58078,GRF
heel_strike,R,58121,GRF
toe_off,L,58134,GRF
heel_strike,L,58180,GRF
toe_off,R,58193,GRF
heel_strike,R,58234,GRF
toe_off,L,58248,GRF
heel_strike,L,58288,GRF
toe_off,R,58303,GRF
heel_strike,R,58343,GRF
toe_off,L,58357,GRF
heel_strike,L,58397,GRF
toe_off,R,58411,GRF
heel_strike,R,58452,GRF
toe_off,L,58467,GRF
heel_strike,L,58513,GRF
toe_off,R,58527,GRF
heel_strike,R,58567,GRF
toe_off,L,58580,GRF
heel_strike,L,58620,GRF
toe_off,R,58635,GRF
heel_strike,R,58675,GRF
toe_off,L,58690,GRF
heel_strike,L,58735,GRF
toe_off,R,58748,GRF
heel_strike,R,58789,GRF
toe_off,L,58803,GRF
heel_strike,L,58844,GRF
toe_off,R,58858,GRF
heel_strike,R,58900,GRF
toe_off,L,58914,GRF
heel_strike,L,58956,GRF
toe_off,R,58970,GRF
heel_strike,R,59011,GRF
toe_off,L,59024,GRF
heel_strike,L,59066,GRF
toe_off,R,59080,GRF
heel_strike,R,59123,GRF
toe_off,L,59137,GRF
heel_strike,L,59177,GRF
toe_off,R,59191,GRF
heel_strike,R,59235,GRF
toe_off,L,59248,kinematic
heel_strike,L,59288,kinematic
toe_off,R,59303,GRF
heel_strike,R,59343,GRF
toe_off,L,59356,GRF
heel_strike,L,59398,GRF
toe_off,R,59413,GRF
heel_strike,R,59453,GRF
toe_off,L,59474,GRF
heel_strike,L,59508,GRF
toe_off,R,59523,GRF
heel_strike,R,59564,GRF
toe_off,L,59578,kinematic
heel_strike,L,59619,kinematic
toe_off,R,59633,GRF
heel_strike,R,59673,GRF
toe_off,L,59688,kinematic
heel_strike,L,59732,kinematic
toe_off,R,59745,GRF
heel_strike,R,59790,GRF
toe_off,L,59803,kinematic
heel_strike,L,59845,kinematic
toe_off,R,59859,GRF
heel_strike,R,59899,GRF
toe_off,L,59913,kinematic
heel_strike,L,59954,kinematic
toe_off,R,59967,GRF
heel_strike,R,60015,GRF
toe_off,L,60025,kinematic
heel_strike,L,60066,kinematic
toe_off,R,60079,GRF
heel_strike,R,60121,GRF
toe_off,L,60135,GRF
heel_strike,L,60175,GRF
toe_off,R,60189,GRF
heel_strike,R,60232,GRF
toe_off,L,60246,GRF
heel_strike,L,60287,GRF
toe_off,R,60302,GRF
heel_strike,R,60345,GRF
toe_off,L,60358,GRF
heel_strike,L,60401,GRF
toe_off,R,60415,GRF
heel_strike,R,60457,GRF
toe_off,L,60471,GRF
heel_strike,L,60512,GRF
toe_off,R,60525,GRF
heel_strike,R,60567,GRF
toe_off,L,60581,GRF
heel_strike,L,60623,GRF
toe_off,R,60637,GRF
heel_strike,R,60677,GRF
toe_off,L,60691,GRF
heel_strike,L,60733,GRF
toe_off,R,60747,GRF
heel_strike,R,60791,GRF
toe_off,L,60805,kinematic
heel_strike,L,60847,kinematic
toe_off,R,60860,GRF
heel_strike,R,60902,GRF
toe_off,L,60915,kinematic
heel_strike,L,60956,kinematic
toe_off,R,60970,GRF
heel_strike,R,61011,GRF
toe_off,L,61026,kinematic
heel_strike,L,61066,GRF
toe_off,R,61081,GRF
heel_strike,R,61120,GRF
toe_off,L,61135,kinematic
heel_strike,L,61176,kinematic
toe_off,R,61189,GRF
heel_strike,R,61231,GRF
toe_off,L,61245,kinematic
heel_strike,L,61285,kinematic
toe_off,R,61299,GRF
heel_strike,R,61338,GRF
toe_off,L,61352,GRF
heel_strike,L,61393,GRF
toe_off,R,61408,GRF
heel_strike,R,61450,GRF
toe_off,L,61464,GRF
heel_strike,L,61504,GRF
toe_off,R,61519,GRF
heel_strike,R,61563,GRF
toe_off,L,61587,GRF
heel_strike,L,61617,GRF
toe_off,R,61631,GRF
heel_strike,R,61674,GRF
toe_off,L,61688,kinematic
heel_strike,L,61729,GRF
toe_off,R,61744,GRF
heel_strike,R,61787,GRF
toe_off,L,61801,GRF
heel_strike,L,61842,GRF
toe_off,R,61856,GRF
heel_strike,R,61899,GRF
toe_off,L,61912,GRF
heel_strike,L,61955,GRF
toe_off,R,61969,GRF
heel_strike,R,62010,GRF
toe_off,L,62023,GRF
heel_strike,L,62065,GRF
toe_off,R,62080,GRF
heel_strike,R,62121,GRF
toe_off,L,62134,GRF
heel_strike,L,62176,GRF
toe_off,R,62189,GRF
heel_strike,R,62231,GRF
toe_off,L,62245,GRF
heel_strike,L,62287,GRF
toe_off,R,62301,GRF
heel_strike,R,62343,GRF
toe_off,L,62357,GRF
heel_strike,L,62397,GRF
toe_off,R,62412,GRF
heel_strike,R,62452,GRF
toe_off,L,62466,GRF
heel_strike,L,62505,GRF
toe_off,R,62521,GRF
heel_strike,R,62559,GRF
toe_off,L,62573,GRF
heel_strike,L,62613,GRF
toe_off,R,62628,GRF
heel_strike,R,62671,GRF
toe_off,L,62685,GRF
heel_strike,L,62726,GRF
toe_off,R,62741,GRF
heel_strike,R,62782,GRF
toe_off,L,62795,GRF
heel_strike,L,62837,GRF
toe_off,R,62852,GRF
heel_strike,R,62892,GRF
toe_off,L,62906,GRF
heel_strike,L,62947,GRF
toe_off,R,62962,GRF
heel_strike,R,63001,GRF
toe_off,L,63016,GRF
heel_strike,L,63058,GRF
toe_off,R,63073,GRF
heel_strike,R,63113,GRF
toe_off,L,63127,GRF
heel_strike,L,63168,GRF
toe_off,R,63183,GRF
heel_strike,R,63227,GRF
toe_off,L,63241,GRF
heel_strike,L,63283,GRF
toe_off,R,63297,GRF
heel_strike,R,63338,GRF
toe_off,L,63353,GRF
heel_strike,L,63396,GRF
toe_off,R,63411,GRF
heel_strike,R,63453,GRF
toe_off,L,63466,GRF
heel_strike,L,63507,GRF
toe_off,R,63522,GRF
heel_strike,R,63563,GRF
toe_off,L,63577,GRF
heel_strike,L,63620,GRF
toe_off,R,63635,GRF
heel_strike,R,63674,GRF
toe_off,L,63687,GRF
heel_strike,L,63727,GRF
toe_off,R,63742,GRF
heel_strike,R,63783,GRF
toe_off,L,63796,GRF
heel_strike,L,63836,GRF
toe_off,R,63851,GRF
heel_strike,R,63893,GRF
toe_off,L,63907,GRF
heel_strike,L,63946,GRF
toe_off,R,63961,GRF
heel_strike,R,64001,GRF
toe_off,L,64019,GRF
heel_strike,L,64062,GRF
toe_off,R,64074,GRF
heel_strike,R,64117,GRF
toe_off,L,64130,GRF
heel_strike,L,64176,GRF
toe_off,R,64190,GRF
heel_strike,R,64231,GRF
toe_off,L,64244,GRF
heel_strike,L,64287,GRF
toe_off,R,64301,GRF
heel_strike,R,64342,GRF
toe_off,L,64355,GRF
heel_strike,L,64396,GRF
toe_off,R,64411,GRF
heel_strike,R,64453,GRF
toe_off,L,64467,GRF
heel_strike,L,64508,GRF
toe_off,R,64523,GRF
heel_strike,R,64563,GRF
toe_off,L,64577,GRF
heel_strike,L,64618,GRF
toe_off,R,64634,GRF
heel_strike,R,64675,GRF
toe_off,L,64690,kinematic
heel_strike,L,64732,GRF
toe_off,R,64746,GRF
heel_strike,R,64790,GRF
toe_off,L,64805,GRF
heel_strike,L,64846,GRF
toe_off,R,64861,GRF
heel_strike,R,64903,GRF
toe_off,L,64917,kinematic
heel_strike,L,64958,kinematic
toe_off,R,64971,GRF
heel_strike,R,65014,GRF
toe_off,L,65027,GRF
heel_strike,L,65068,GRF
toe_off,R,65083,GRF
heel_strike,R,65121,GRF
toe_off,L,65135,GRF
heel_strike,L,65176,GRF
toe_off,R,65191,GRF
heel_strike,R,65231,GRF
toe_off,L,65245,GRF
heel_strike,L,65289,GRF
toe_off,R,65303,GRF
heel_strike,R,65345,GRF
toe_off,L,65359,GRF
heel_strike,L,65398,GRF
toe_off,R,65413,GRF
heel_strike,R,65455,GRF
toe_off,L,65468,GRF
heel_strike,L,65510,GRF
toe_off,R,65524,GRF
heel_strike,R,65565,GRF
toe_off,L,65580,GRF
heel_strike,L,65621,GRF
toe_off,R,65636,GRF
heel_strike,R,65678,GRF
toe_off,L,65691,GRF
heel_strike,L,65734,GRF
toe_off,R,65749,GRF
heel_strike,R,65790,GRF
toe_off,L,65803,GRF
heel_strike,L,65844,GRF
toe_off,R,65859,GRF
heel_strike,R,65903,GRF
toe_off,L,65917,kinematic
heel_strike,L,65957,kinematic
toe_off,R,65972,GRF
heel_strike,R,66015,GRF
toe_off,L,66029,GRF
heel_strike,L,66070,GRF
toe_off,R,66085,GRF
heel_strike,R,66126,GRF
toe_off,L,66140,GRF
heel_strike,L,66181,GRF
toe_off,R,66195,GRF
heel_strike,R,66236,GRF
toe_off,L,66249,GRF
heel_strike,L,66289,GRF
toe_off,R,66303,GRF
heel_strike,R,66348,GRF
toe_off,L,66361,GRF
heel_strike,L,66403,GRF
toe_off,R,66418,GRF
heel_strike,R,66458,GRF
toe_off,L,66471,GRF
heel_strike,L,66511,GRF
toe_off,R,66526,GRF
heel_strike,R,66564,GRF
toe_off,L,66578,GRF
heel_strike,L,66616,GRF
toe_off,R,66631,GRF
heel_strike,R,66670,GRF
toe_off,L,66684,GRF
heel_strike,L,66728,GRF
toe_off,R,66741,GRF
heel_strike,R,66789,GRF
toe_off,L,66802,kinematic
heel_strike,L,66843,GRF
toe_off,R,66857,GRF
heel_strike,R,66900,GRF
toe_off,L,66914,kinematic
heel_strike,L,66954,kinematic
toe_off,R,66968,GRF
heel_strike,R,67009,GRF
toe_off,L,67023,kinematic
heel_strike,L,67063,kinematic
toe_off,R,67076,GRF
heel_strike,R,67121,GRF
toe_off,L,67135,GRF
heel_strike,L,67176,GRF
toe_off,R,67190,GRF
heel_strike,R,67231,GRF
toe_off,L,67244,GRF
heel_strike,L,67285,GRF
toe_off,R,67300,GRF
heel_strike,R,67343,GRF
toe_off,L,67366,GRF
heel_strike,L,67397,GRF
toe_off,R,67411,GRF
heel_strike,R,67453,GRF
toe_off,L,67466,GRF
heel_strike,L,67509,GRF
toe_off,R,67523,GRF
heel_strike,R,67563,GRF
toe_off,L,67577,GRF
heel_strike,L,67617,GRF
toe_off,R,67631,GRF
heel_strike,R,67672,GRF
toe_off,L,67687,GRF
heel_strike,L,67729,GRF
toe_off,R,67744,GRF
heel_strike,R,67784,GRF
toe_off,L,67798,GRF
heel_strike,L,67838,GRF
toe_off,R,67853,GRF
heel_strike,R,67893,GRF
toe_off,L,67907,GRF
heel_strike,L,67949,GRF
toe_off,R,67964,GRF
heel_strike,R,68007,GRF
toe_off,L,68020,GRF
heel_strike,L,68062,GRF
toe_off,R,68076,GRF
heel_strike,R,68117,GRF
toe_off,L,68131,GRF
heel_strike,L,68171,GRF
toe_off,R,68186,GRF
heel_strike,R,68226,GRF
toe_off,L,68239,GRF
heel_strike,L,68281,GRF
toe_off,R,68295,GRF
heel_strike,R,68335,GRF
toe_off,L,68349,GRF
heel_strike,L,68391,GRF
toe_off,R,68405,GRF
heel_strike,R,68445,GRF
toe_off,L,68459,GRF
heel_strike,L,68499,GRF
toe_off,R,68514,GRF
heel_strike,R,68553,GRF
toe_off,L,68567,GRF
heel_strike,L,68613,GRF
toe_off,R,68626,GRF
heel_strike,R,68667,GRF
toe_off,L,68681,GRF
heel_strike,L,68724,GRF
toe_off,R,68739,GRF
heel_strike,R,68781,GRF
toe_off,L,68794,GRF
heel_strike,L,68839,GRF
toe_off,R,68853,GRF
heel_strike,R,68897,GRF
toe_off,L,68911,kinematic
heel_strike,L,68951,GRF
toe_off,R,68965,GRF
heel_strike,R,69009,GRF
toe_off,L,69033,GRF
heel_strike,L,69064,GRF
toe_off,R,69078,GRF
heel_strike,R,69121,GRF
toe_off,L,69135,GRF
heel_strike,L,69176,GRF
toe_off,R,69191,GRF
heel_strike,R,69234,GRF
toe_off,L,69247,GRF
heel_strike,L,69287,GRF
toe_off,R,69301,GRF
heel_strike,R,69343,GRF
toe_off,L,69357,GRF
heel_strike,L,69397,GRF
toe_off,R,69411,GRF
heel_strike,R,69449,GRF
toe_off,L,69464,GRF
heel_strike,L,69510,GRF
toe_off,R,69523,GRF
heel_strike,R,69564,GRF
toe_off,L,69577,GRF
heel_strike,L,69619,GRF
toe_off,R,69634,GRF
heel_strike,R,69677,GRF
toe_off,L,69690,GRF
heel_strike,L,69731,GRF
toe_off,R,69745,GRF
heel_strike,R,69786,GRF
toe_off,L,69800,GRF
heel_strike,L,69840,GRF
toe_off,R,69856,GRF
heel_strike,R,69896,GRF
toe_off,L,69910,GRF
heel_strike,L,69954,GRF
toe_off,R,69967,GRF
heel_strike,R,70009,GRF
toe_off,L,70023,GRF
heel_strike,L,70064,GRF
toe_off,R,70079,GRF
heel_strike,R,70122,GRF
toe_off,L,70137,GRF
heel_strike,L,70177,GRF
toe_off,R,70193,GRF
heel_strike,R,70236,GRF
toe_off,L,70250,GRF
heel_strike,L,70289,GRF
toe_off,R,70303,GRF
heel_strike,R,70345,GRF
toe_off,L,70359,GRF
heel_strike,L,70399,GRF
toe_off,R,70415,GRF
heel_strike,R,70453,GRF
toe_off,L,70467,GRF
heel_strike,L,70507,GRF
toe_off,R,70521,GRF
heel_strike,R,70559,GRF
toe_off,L,70573,GRF
heel_strike,L,70613,GRF
toe_off,R,70629,GRF
heel_strike,R,70669,GRF
toe_off,L,70692,GRF
heel_strike,L,70727,GRF
toe_off,R,70741,GRF
heel_strike,R,70787,GRF
toe_off,L,70801,kinematic
heel_strike,L,70843,GRF
toe_off,R,70857,GRF
heel_strike,R,70898,GRF
toe_off,L,70912,GRF
heel_strike,L,70955,GRF
toe_off,R,70969,GRF
heel_strike,R,71011,GRF
toe_off,L,71031,GRF
heel_strike,L,71065,GRF
toe_off,R,71079,GRF
heel_strike,R,71121,GRF
toe_off,L,71134,GRF
heel_strike,L,71178,GRF
toe_off,R,71192,GRF
heel_strike,R,71233,GRF
toe_off,L,71246,GRF
heel_strike,L,71290,GRF
toe_off,R,71304,GRF
heel_strike,R,71342,GRF
toe_off,L,71356,GRF
heel_strike,L,71398,GRF
toe_off,R,71412,GRF
heel_strike,R,71455,GRF
toe_off,L,71468,GRF
heel_strike,L,71507,GRF
toe_off,R,71521,GRF
heel_strike,R,71562,GRF
toe_off,L,71576,GRF
heel_strike,L,71618,GRF
toe_off,R,71632,GRF
heel_strike,R,71673,GRF
toe_off,L,71686,GRF
heel_strike,L,71730,GRF
toe_off,R,71745,GRF
heel_strike,R,71786,GRF
toe_off,L,71800,GRF
heel_strike,L,71841,GRF
toe_off,R,71856,GRF
heel_strike,R,71895,GRF
toe_off,L,71909,GRF
heel_strike,L,71952,GRF
toe_off,R,71965,GRF
heel_strike,R,72006,GRF
toe_off,L,72019,GRF
heel_strike,L,72060,GRF
toe_off,R,72075,GRF
heel_strike,R,72118,GRF
toe_off,L,72131,GRF
heel_strike,L,72174,GRF
toe_off,R,72188,GRF
heel_strike,R,72230,GRF
toe_off,L,72245,GRF
heel_strike,L,72286,GRF
toe_off,R,72299,GRF
heel_strike,R,72339,GRF
toe_off,L,72353,GRF
heel_strike,L,72392,GRF
toe_off,R,72407,GRF
heel_strike,R,72448,GRF
toe_off,L,72462,GRF
heel_strike,L,72506,GRF
toe_off,R,72519,GRF
heel_strike,R,72562,GRF
toe_off,L,72576,GRF
heel_strike,L,72617,GRF
toe_off,R,72631,GRF
heel_strike,R,72671,GRF
toe_off,L,72685,GRF
heel_strike,L,72723,GRF
toe_off,R,72738,GRF
heel_strike,R,72776,GRF
toe_off,L,72790,GRF
heel_strike,L,72829,GRF
toe_off,R,72844,GRF
heel_strike,R,72881,GRF
toe_off,L,72895,GRF
heel_strike,L,72934,GRF
toe_off,R,72950,GRF
heel_strike,R,72991,GRF
toe_off,L,73005,GRF
heel_strike,L,73054,GRF
toe_off,R,73065,GRF
heel_strike,R,73110,GRF
toe_off,L,73123,GRF
heel_strike,L,73174,GRF
toe_off,R,73186,GRF
heel_strike,R,73230,GRF
toe_off,L,73243,GRF
heel_strike,L,73288,GRF
toe_off,R,73301,GRF
heel_strike,R,73346,GRF
toe_off,L,73359,GRF
heel_strike,L,73400,GRF
toe_off,R,73414,GRF
heel_strike,R,73457,GRF
toe_off,L,73472,GRF
heel_strike,L,73513,GRF
toe_off,R,73527,GRF
heel_strike,R,73569,GRF
toe_off,L,73582,GRF
heel_strike,L,73623,GRF
toe_off,R,73638,GRF
heel_strike,R,73678,GRF
toe_off,L,73692,GRF
heel_strike,L,73735,GRF
toe_off,R,73749,GRF
heel_strike,R,73790,GRF
toe_off,L,73803,GRF
heel_strike,L,73847,GRF
toe_off,R,73860,GRF
heel_strike,R,73902,GRF
toe_off,L,73916,kinematic
heel_strike,L,73957,GRF
toe_off,R,73971,GRF
heel_strike,R,74014,GRF
toe_off,L,74030,GRF
heel_strike,L,74068,GRF
toe_off,R,74083,GRF
heel_strike,R,74123,GRF
toe_off,L,74137,GRF
heel_strike,L,74177,GRF
toe_off,R,74191,GRF
heel_strike,R,74232,GRF
toe_off,L,74246,GRF
heel_strike,L,74287,GRF
toe_off,R,74301,GRF
heel_strike,R,74342,GRF
toe_off,L,74355,GRF
heel_strike,L,74397,GRF
toe_off,R,74412,GRF
heel_strike,R,74452,GRF
toe_off,L,74465,GRF
heel_strike,L,74508,GRF
toe_off,R,74523,GRF
heel_strike,R,74566,GRF
toe_off,L,74588,GRF
heel_strike,L,74622,GRF
toe_off,R,74636,GRF
heel_strike,R,74679,GRF
toe_off,L,74693,kinematic
heel_strike,L,74734,kinematic
toe_off,R,74746,GRF
heel_strike,R,74788,GRF
toe_off,L,74801,GRF
heel_strike,L,74841,GRF
toe_off,R,74857,GRF
heel_strike,R,74896,GRF
toe_off,L,74910,GRF
heel_strike,L,74952,GRF
toe_off,R,74966,GRF
heel_strike,R,75009,GRF
toe_off,L,75023,kinematic
heel_strike,L,75065,GRF
toe_off,R,75080,GRF
heel_strike,R,75123,GRF
toe_off,L,75137,kinematic
heel_strike,L,75177,GRF
toe_off,R,75191,GRF
heel_strike,R,75233,GRF
toe_off,L,75246,kinematic
heel_strike,L,75287,GRF
toe_off,R,75302,GRF
heel_strike,R,75340,GRF
toe_off,L,75353,GRF
heel_strike,L,75395,GRF
toe_off,R,75410,GRF
heel_strike,R,75451,GRF
toe_off,L,75465,kinematic
heel_strike,L,75507,kinematic
toe_off,R,75521,GRF
heel_strike,R,75563,GRF
toe_off,L,75577,kinematic
heel_strike,L,75617,GRF
toe_off,R,75632,GRF
heel_strike,R,75673,GRF
toe_off,L,75687,GRF
heel_strike,L,75727,GRF
toe_off,R,75742,GRF
heel_strike,R,75785,GRF
toe_off,L,75799,GRF
heel_strike,L,75841,GRF
toe_off,R,75855,GRF
heel_strike,R,75899,GRF
toe_off,L,75913,kinematic
heel_strike,L,75954,GRF
toe_off,R,75969,GRF
heel_strike,R,76010,GRF
toe_off,L,76024,GRF
heel_strike,L,76065,GRF
toe_off,R,76081,GRF
heel_strike,R,76124,GRF
toe_off,L,76138,kinematic
heel_strike,L,76180,GRF
toe_off,R,76195,GRF
heel_strike,R,76233,GRF
toe_off,L,76247,GRF
heel_strike,L,76287,GRF
toe_off,R,76302,GRF
heel_strike,R,76341,GRF
toe_off,L,76355,GRF
heel_strike,L,76398,GRF
toe_off,R,76413,GRF
heel_strike,R,76453,GRF
toe_off,L,76467,kinematic
heel_strike,L,76508,kinematic
toe_off,R,76522,GRF
heel_strike,R,76563,GRF
toe_off,L,76577,GRF
heel_strike,L,76617,GRF
toe_off,R,76632,GRF
heel_strike,R,76671,GRF
toe_off,L,76686,GRF
heel_strike,L,76724,GRF
toe_off,R,76739,GRF
heel_strike,R,76779,GRF
toe_off,L,76793,GRF
heel_strike,L,76832,GRF
toe_off,R,76846,GRF
heel_strike,R,76888,GRF
toe_off,L,76902,GRF
heel_strike,L,76949,GRF
toe_off,R,76962,GRF
heel_strike,R,77007,GRF
toe_off,L,77020,GRF
heel_strike,L,77063,GRF
toe_off,R,77077,GRF
heel_strike,R,77117,GRF
toe_off,L,77131,GRF
heel_strike,L,77174,GRF
toe_off,R,77188,GRF
heel_strike,R,77230,GRF
toe_off,L,77244,GRF
heel_strike,L,77285,GRF
toe_off,R,77301,GRF
heel_strike,R,77340,GRF
toe_off,L,77354,GRF
heel_strike,L,77395,GRF
toe_off,R,77410,GRF
heel_strike,R,77452,GRF
toe_off,L,77465,GRF
heel_strike,L,77505,GRF
toe_off,R,77520,GRF
heel_strike,R,77561,GRF
toe_off,L,77575,GRF
heel_strike,L,77616,GRF
toe_off,R,77630,GRF
heel_strike,R,77672,GRF
toe_off,L,77685,GRF
heel_strike,L,77729,GRF
toe_off,R,77743,GRF
heel_strike,R,77785,GRF
toe_off,L,77799,GRF
heel_strike,L,77842,GRF
toe_off,R,77856,GRF
heel_strike,R,77898,GRF
toe_off,L,77911,GRF
heel_strike,L,77953,GRF
toe_off,R,77969,GRF
heel_strike,R,78009,GRF
toe_off,L,78023,GRF
heel_strike,L,78064,GRF
toe_off,R,78080,GRF
heel_strike,R,78118,GRF
toe_off,L,78132,GRF
heel_strike,L,78172,GRF
toe_off,R,78187,GRF
heel_strike,R,78227,GRF
toe_off,L,78242,GRF
heel_strike,L,78281,GRF
toe_off,R,78297,GRF
heel_strike,R,78338,GRF
toe_off,L,78352,GRF
heel_strike,L,78393,GRF
toe_off,R,78407,GRF
heel_strike,R,78448,GRF
toe_off,L,78462,GRF
heel_strike,L,78504,GRF
toe_off,R,78518,GRF
heel_strike,R,78557,GRF
toe_off,L,78572,GRF
heel_strike,L,78614,GRF
toe_off,R,78629,GRF
heel_strike,R,78668,GRF
toe_off,L,78681,GRF
heel_strike,L,78722,GRF
toe_off,R,78737,GRF
heel_strike,R,78777,GRF
toe_off,L,78791,GRF
heel_strike,L,78836,GRF
toe_off,R,78849,GRF
heel_strike,R,78894,GRF
toe_off,L,78908,GRF
heel_strike,L,78953,GRF
toe_off,R,78967,GRF
heel_strike,R,79009,GRF
toe_off,L,79022,GRF
heel_strike,L,79065,GRF
toe_off,R,79080,GRF
heel_strike,R,79121,GRF
toe_off,L,79135,GRF
heel_strike,L,79176,GRF
toe_off,R,79191,GRF
heel_strike,R,79232,GRF
toe_off,L,79253,GRF
heel_strike,L,79286,GRF
toe_off,R,79301,GRF
heel_strike,R,79342,GRF
toe_off,L,79354,GRF
heel_strike,L,79397,GRF
toe_off,R,79411,GRF
heel_strike,R,79451,GRF
toe_off,L,79463,GRF
heel_strike,L,79507,GRF
toe_off,R,79521,GRF
heel_strike,R,79561,GRF
toe_off,L,79575,GRF
heel_strike,L,79615,GRF
toe_off,R,79631,GRF
heel_strike,R,79670,GRF
toe_off,L,79685,kinematic
heel_strike,L,79727,kinematic
toe_off,R,79742,GRF
heel_strike,R,79786,GRF
toe_off,L,79800,kinematic
heel_strike,L,79841,kinematic
toe_off,R,79855,GRF
heel_strike,R,79895,GRF
toe_off,L,79909,GRF
heel_strike,L,79951,GRF
toe_off,R,79966,GRF
heel_strike,R,80009,GRF
toe_off,L,80023,kinematic
heel_strike,L,80065,GRF
toe_off,R,80080,GRF
heel_strike,R,80121,GRF
toe_off,L,80143,GRF
heel_strike,L,80177,GRF
toe_off,R,80191,GRF
heel_strike,R,80233,GRF
toe_off,L,80249,GRF
heel_strike,L,80287,GRF
toe_off,R,80302,GRF
heel_strike,R,80343,GRF
toe_off,L,80357,GRF
heel_strike,L,80399,GRF
toe_off,R,80414,GRF
heel_strike,R,80456,GRF
toe_off,L,80470,GRF
heel_strike,L,80511,GRF
toe_off,R,80525,GRF
heel_strike,R,80567,GRF
toe_off,L,80581,GRF
heel_strike,L,80621,GRF
toe_off,R,80636,GRF
heel_strike,R,80676,GRF
toe_off,L,80689,GRF
heel_strike,L,80730,GRF
toe_off,R,80745,GRF
heel_strike,R,80786,GRF
toe_off,L,80800,GRF
heel_strike,L,80841,GRF
toe_off,R,80856,GRF
heel_strike,R,80897,GRF
toe_off,L,80911,GRF
heel_strike,L,80950,GRF
toe_off,R,80965,GRF
heel_strike,R,81007,GRF
toe_off,L,81021,GRF
heel_strike,L,81060,GRF
toe_off,R,81075,GRF
heel_strike,R,81116,GRF
toe_off,L,81130,GRF
heel_strike,L,81171,GRF
toe_off,R,81186,GRF
heel_strike,R,81228,GRF
toe_off,L,81242,GRF
heel_strike,L,81286,GRF
toe_off,R,81300,GRF
heel_strike,R,81343,GRF
toe_off,L,81356,GRF
heel_strike,L,81399,GRF
toe_off,R,81413,GRF
heel_strike,R,81454,GRF
toe_off,L,81468,GRF
heel_strike,L,81508,GRF
toe_off,R,81523,GRF
heel_strike,R,81562,GRF
toe_off,L,81577,GRF
heel_strike,L,81616,GRF
toe_off,R,81631,GRF
heel_strike,R,81672,GRF
toe_off,L,81686,GRF
heel_strike,L,81726,GRF
toe_off,R,81742,GRF
heel_strike,R,81785,GRF
toe_off,L,81798,GRF
heel_strike,L,81839,GRF
toe_off,R,81853,GRF
heel_strike,R,81895,GRF
toe_off,L,81909,GRF
heel_strike,L,81951,GRF
toe_off,R,81966,GRF
heel_strike,R,82007,GRF
toe_off,L,82020,GRF
heel_strike,L,82060,GRF
toe_off,R,82075,GRF
heel_strike,R,82115,GRF
toe_off,L,82129,GRF
heel_strike,L,82168,GRF
toe_off,R,82183,GRF
heel_strike,R,82225,GRF
toe_off,L,82238,GRF
heel_strike,L,82282,GRF
toe_off,R,82296,GRF
heel_strike,R,82340,GRF
toe_off,L,82363,GRF
heel_strike,L,82397,GRF
toe_off,R,82411,GRF
heel_strike,R,82455,GRF
toe_off,L,82469,GRF
heel_strike,L,82510,GRF
toe_off,R,82525,GRF
heel_strike,R,82567,GRF
toe_off,L,82580,GRF
heel_strike,L,82619,GRF
toe_off,R,82635,GRF
heel_strike,R,82673,GRF
toe_off,L,82687,GRF
heel_strike,L,82731,GRF
toe_off,R,82745,GRF
heel_strike,R,82784,GRF
toe_off,L,82799,GRF
heel_strike,L,82841,GRF
toe_off,R,82855,GRF
heel_strike,R,82897,GRF
toe_off,L,82911,GRF
heel_strike,L,82951,GRF
toe_off,R,82965,GRF
heel_strike,R,83008,GRF
toe_off,L,83023,GRF
heel_strike,L,83061,GRF
toe_off,R,83076,GRF
heel_strike,R,83117,GRF
toe_off,L,83131,GRF
heel_strike,L,83174,GRF
toe_off,R,83188,GRF
heel_strike,R,83230,GRF
toe_off,L,83243,GRF
heel_strike,L,83285,GRF
toe_off,R,83300,GRF
heel_strike,R,83341,GRF
toe_off,L,83355,GRF
heel_strike,L,83396,GRF
toe_off,R,83410,GRF
heel_strike,R,83452,GRF
toe_off,L,83466,GRF
heel_strike,L,83507,GRF
toe_off,R,83522,GRF
heel_strike,R,83563,GRF
toe_off,L,83577,GRF
heel_strike,L,83621,GRF
toe_off,R,83635,GRF
heel_strike,R,83678,GRF
toe_off,L,83692,GRF
heel_strike,L,83735,GRF
toe_off,R,83748,GRF
heel_strike,R,83790,GRF
toe_off,L,83804,GRF
heel_strike,L,83845,GRF
toe_off,R,83860,GRF
heel_strike,R,83899,GRF
toe_off,L,83913,GRF
heel_strike,L,83955,GRF
toe_off,R,83969,GRF
heel_strike,R,84011,GRF
toe_off,L,84025,GRF
heel_strike,L,84066,GRF
toe_off,R,84081,GRF
heel_strike,R,84119,GRF
toe_off,L,84134,GRF
heel_strike,L,84173,GRF
toe_off,R,84188,GRF
heel_strike,R,84230,GRF
toe_off,L,84243,GRF
heel_strike,L,84284,GRF
toe_off,R,84299,GRF
heel_strike,R,84341,GRF
toe_off,L,84354,GRF
heel_strike,L,84398,GRF
toe_off,R,84412,GRF
heel_strike,R,84457,GRF
toe_off,L,84471,GRF
heel_strike,L,84511,GRF
toe_off,R,84526,GRF
heel_strike,R,84569,GRF
toe_off,L,84583,GRF
heel_strike,L,84626,GRF
toe_off,R,84640,GRF
heel_strike,R,84682,GRF
toe_off,L,84696,GRF
heel_strike,L,84737,GRF
toe_off,R,84751,GRF
heel_strike,R,84792,GRF
toe_off,L,84806,GRF
heel_strike,L,84846,GRF
toe_off,R,84860,GRF
heel_strike,R,84901,GRF
toe_off,L,84916,GRF
heel_strike,L,84957,GRF
toe_off,R,84971,GRF
heel_strike,R,85014,GRF
toe_off,L,85027,GRF
heel_strike,L,85068,GRF
toe_off,R,85081,GRF
heel_strike,R,85122,GRF
toe_off,L,85137,GRF
heel_strike,L,85178,GRF
toe_off,R,85192,GRF
heel_strike,R,85233,GRF
toe_off,L,85247,GRF
heel_strike,L,85288,GRF
toe_off,R,85302,GRF
heel_strike,R,85343,GRF
toe_off,L,85357,GRF
heel_strike,L,85398,GRF
toe_off,R,85412,GRF
heel_strike,R,85453,GRF
toe_off,L,85467,GRF
heel_strike,L,85507,GRF
toe_off,R,85522,GRF
heel_strike,R,85562,GRF
toe_off,L,85576,GRF
heel_strike,L,85617,GRF
toe_off,R,85632,GRF
heel_strike,R,85675,GRF
toe_off,L,85689,GRF
heel_strike,L,85730,GRF
toe_off,R,85744,GRF
heel_strike,R,85785,GRF
toe_off,L,85799,GRF
heel_strike,L,85841,GRF
toe_off,R,85855,GRF
heel_strike,R,85897,GRF
toe_off,L,85911,GRF
heel_strike,L,85953,GRF
toe_off,R,85968,GRF
heel_strike,R,86009,GRF
toe_off,L,86023,GRF
heel_strike,L,86063,GRF
toe_off,R,86077,GRF
heel_strike,R,86119,GRF
toe_off,L,86133,GRF
heel_strike,L,86173,GRF
toe_off,R,86188,GRF
heel_strike,R,86230,GRF
toe_off,L,86244,GRF
heel_strike,L,86289,GRF
toe_off,R,86302,GRF
heel_strike,R,86343,GRF
toe_off,L,86357,GRF
heel_strike,L,86400,GRF
toe_off,R,86414,GRF
heel_strike,R,86454,GRF
toe_off,L,86468,GRF
heel_strike,L,86509,GRF
toe_off,R,86523,GRF
heel_strike,R,86564,GRF
toe_off,L,86578,kinematic
heel_strike,L,86619,GRF
toe_off,R,86632,GRF
heel_strike,R,86676,GRF
toe_off,L,86690,kinematic
heel_strike,L,86730,GRF
toe_off,R,86745,GRF
heel_strike,R,86786,GRF
toe_off,L,86800,GRF
heel_strike,L,86840,GRF
toe_off,R,86855,GRF
heel_strike,R,86898,GRF
toe_off,L,86911,GRF
heel_strike,L,86953,GRF
toe_off,R,86968,GRF
heel_strike,R,87008,GRF
toe_off,L,87022,GRF
heel_strike,L,87063,GRF
toe_off,R,87078,GRF
heel_strike,R,87118,GRF
toe_off,L,87131,GRF
heel_strike,L,87171,GRF
toe_off,R,87185,GRF
heel_strike,R,87228,GRF
toe_off,L,87242,GRF
heel_strike,L,87283,GRF
toe_off,R,87297,GRF
heel_strike,R,87339,GRF
toe_off,L,87354,GRF
heel_strike,L,87396,GRF
toe_off,R,87410,GRF
heel_strike,R,87450,GRF
toe_off,L,87465,GRF
heel_strike,L,87507,GRF
toe_off,R,87521,GRF
heel_strike,R,87562,GRF
toe_off,L,87576,GRF
heel_strike,L,87617,GRF
toe_off,R,87632,GRF
heel_strike,R,87674,GRF
toe_off,L,87688,GRF
heel_strike,L,87727,GRF
toe_off,R,87743,GRF
heel_strike,R,87786,GRF
toe_off,L,87808,GRF
heel_strike,L,87840,GRF
toe_off,R,87854,GRF
heel_strike,R,87896,GRF
toe_off,L,87912,GRF
heel_strike,L,87952,GRF
toe_off,R,87966,GRF
heel_strike,R,88008,GRF
toe_off,L,88022,GRF
heel_strike,L,88064,GRF
toe_off,R,88078,GRF
heel_strike,R,88120,GRF
toe_off,L,88133,GRF
heel_strike,L,88174,GRF
toe_off,R,88188,GRF
heel_strike,R,88229,GRF
toe_off,L,88243,GRF
heel_strike,L,88282,GRF
toe_off,R,88297,GRF
heel_strike,R,88338,GRF
toe_off,L,88352,GRF
heel_strike,L,88393,GRF
toe_off,R,88409,GRF
heel_strike,R,88452,GRF
toe_off,L,88466,kinematic
heel_strike,L,88506,GRF
toe_off,R,88520,GRF
heel_strike,R,88561,GRF
toe_off,L,88575,GRF
heel_strike,L,88616,GRF
toe_off,R,88631,GRF
heel_strike,R,88672,GRF
toe_off,L,88686,GRF
heel_strike,L,88727,GRF
toe_off,R,88742,GRF
heel_strike,R,88783,GRF
toe_off,L,88796,GRF
heel_strike,L,88839,GRF
toe_off,R,88853,GRF
heel_strike,R,88895,GRF
toe_off,L,88909,GRF
heel_strike,L,88950,GRF
toe_off,R,88964,GRF
heel_strike,R,89008,GRF
toe_off,L,89021,GRF
heel_strike,L,89064,GRF
toe_off,R,89079,GRF
heel_strike,R,89120,GRF
toe_off,L,89134,GRF
heel_strike,L,89177,GRF
toe_off,R,89191,GRF
heel_strike,R,89232,GRF
toe_off,L,89246,GRF
heel_strike,L,89289,GRF
toe_off,R,89303,GRF
heel_strike,R,89348,GRF
toe_off,L,89361,GRF
heel_strike,L,89407,GRF
toe_off,R,89420,GRF
heel_strike,R,89465,GRF
toe_off,L,89479,GRF
heel_strike,L,89523,GRF
toe_off,R,89549,GRF
heel_strike,R,89589,GRF
toe_off,L,89612,kinematic
toe_off,R,89706,GRF
